,T,E,platform,scoreA,scoreB,prolif
GSM363420,7.3,1,GPL571,0.5865297623224736,0.7056406569201532,0.9550822176131113
GSM362952,54.3,0,GPL571,-0.6525730701103508,-0.7751675430548253,-1.0953632354230922
GSM363424,63.8,0,GPL571,-0.399795813320489,-0.6997068029836291,-1.0462709101378782
GSM363444,7.3,1,GPL571,-0.21172152122776672,-0.4275340457892591,-1.4669025869081445
GSM363446,52.1,0,GPL571,-0.2114419901102311,-0.39236572451951957,-0.3473059533118699
GSM363422,51.6,0,GPL571,0.18020873142702407,0.6709591055989256,0.7955240027453081
GSM363428,3.8,1,GPL571,0.18212711097708437,0.5303514395515508,-0.19882019876882223
GSM363426,1.8,1,GPL571,-0.2362144521015207,-0.8088578183626798,-0.7685850416746682
GSM363448,51.7,0,GPL571,-0.13803895878460076,-0.26113360456137114,-0.4990534683568254
GSM362950,57.5,0,GPL571,0.1597801927261801,0.35624518147876255,-0.6038910633616784
GSM363438,56.6,0,GPL571,0.04063978216894062,0.13422032566711925,-0.786355343327033
GSM363432,34.4,1,GPL571,-0.3135133715404226,-0.6971966318910731,-0.2601110769052224
GSM363442,4.6,1,GPL571,0.12170467498581114,0.05670478142259161,0.5590600864852883
GSM362947,59.2,1,GPL571,-0.051708890541489055,-0.015957182383469014,0.7311640679605993
GSM362948,61.4,0,GPL571,0.09232017741159224,-0.09167683296207418,0.25180581163842924
GSM362954,5.5,0,GPL571,0.2561804493422375,0.10739416912553068,0.4865025127892766
GSM363436,3.8,1,GPL571,-0.20153498690201843,-0.2653540020525729,0.25784060499202355
GSM363440,55.5,0,GPL571,0.005762351863573507,0.1808138721070649,0.012082229566830178
GSM362956,13.3,1,GPL571,0.6799295747510777,0.7888085702373849,1.577706068833471
GSM362949,18.2,1,GPL571,-0.07652534845279044,0.07250978006973155,0.19101271983608958
GSM363430,3.7,1,GPL571,0.18788559511568217,0.8313023063816594,1.2548785557148034
GSM363205,58.0,0,GPL3921,-0.42523864861824,-0.2692533473502282,0.08772355271976513
GSM363115,66.6,0,GPL3921,-0.17038576339628286,-0.6061341238437291,-0.07673405618376243
GSM362970,67.3,0,GPL3921,0.05892521906050139,0.14570981467375138,0.539345676490391
GSM363354,10.4,1,GPL3921,0.8622864251473863,1.053817822114354,1.326180223179462
GSM363039,52.8,0,GPL3921,-0.43819965597868327,-0.1907799194360894,-0.2273867388947528
GSM363209,60.8,0,GPL3921,-0.150896478205756,-0.3735671101404692,-0.17750719066158124
GSM363344,38.7,0,GPL3921,-0.07699010029958334,0.31438850679935115,-0.3527794495778315
GSM363271,28.7,0,GPL3921,0.39130465941345816,0.04911982675521165,1.330367052096768
GSM363404,12.0,1,GPL3921,-0.6108463214884006,-0.6144371620250684,-0.5814585924301261
GSM363217,54.5,0,GPL3921,0.17530951218382684,0.007394118010200346,-0.9604011805927686
GSM363053,57.0,0,GPL3921,-0.2686511818876689,-0.2660582691719659,0.8326052510781796
GSM363295,54.9,0,GPL3921,-0.2610173372103512,-0.5303148039298637,-1.3709844287562973
GSM363272,56.3,0,GPL3921,-0.20718907519846558,-0.32326182268237164,-1.3302485659137904
GSM363164,55.2,0,GPL3921,-0.47985985005855153,-0.36392483202298953,-0.7737503777973309
GSM362965,66.6,0,GPL3921,0.16745930118097224,-0.15628922977608392,0.5081904670007503
GSM363126,59.5,0,GPL3921,0.10152700588141969,0.782583869580637,-0.13514911859275602
GSM363082,57.0,0,GPL3921,-0.14942159174445102,-0.23825936468778913,-0.42162393004800014
GSM363176,50.7,0,GPL3921,-0.28253677483414663,-0.3934299486839834,-1.5393732619932392
GSM363099,30.9,1,GPL3921,0.1955274541177587,-0.05752174161496909,-0.28386933095931904
GSM363316,54.7,0,GPL3921,0.0640848027189489,0.35558924158568644,1.097432290565602
GSM363178,57.3,0,GPL3921,-0.21234970389123128,-0.4656937447869426,-0.12136170076640207
GSM363343,65.1,0,GPL3921,-0.3342263805492872,-0.276325611339849,-0.39838868013306905
GSM363033,36.4,1,GPL3921,0.1122428568427724,0.6259126862405282,1.061808581235613
GSM363055,7.3,0,GPL3921,-0.41907594417502164,-1.0469185685637448,-1.417496960397249
GSM363100,3.4,1,GPL3921,0.23943529192978827,0.13239732212193514,0.6805366800270746
GSM363249,59.2,0,GPL3921,0.25043068784423367,0.8730514884786692,0.9463358318449144
GSM363130,61.8,0,GPL3921,-0.059325366445296734,0.17222780553458666,-0.579186854921506
GSM363149,14.4,0,GPL3921,-0.18399259223048328,0.23960019558027573,0.9423718037909637
GSM363337,65.5,0,GPL3921,0.03259298527649201,-0.21184470865095276,-0.4870240772805727
GSM363031,52.8,0,GPL3921,-0.15555236923376412,0.4672610897370577,0.6661510522565763
GSM363166,53.8,0,GPL3921,0.2938922748682346,0.6777534326704001,1.2381401771246097
GSM363049,62.4,0,GPL3921,-0.06364293350800793,0.06517614260068035,0.8554824362783453
GSM363032,24.9,0,GPL3921,0.31045410608132334,0.07013783422822689,0.6634546426450308
GSM363072,10.4,0,GPL3921,0.03506777210733716,-0.3803241257801649,0.6691983898593179
GSM363289,54.2,0,GPL3921,-0.46477173570235014,-0.6070759077456809,-0.5793160398793784
GSM363296,27.5,1,GPL3921,-0.03731653889018964,0.013718742173834356,0.4491657084601184
GSM363235,32.8,0,GPL3921,0.6358053088917324,0.8197706197913639,0.9785892752745033
GSM362958,28.2,1,GPL3921,0.24214111697775864,-0.11515749782991866,0.5306974753522085
GSM363366,52.3,0,GPL3921,-0.37208350575977417,-0.5477829090129371,-1.0002469773671718
GSM363311,19.0,0,GPL3921,0.036675011470140004,0.42448335811502586,0.6778269143682113
GSM363071,13.8,1,GPL3921,0.03512862108596151,-0.340531444998622,-0.5943284855020575
GSM363329,53.2,0,GPL3921,0.053948655031472836,-0.08973012470677694,-0.013963347584270041
GSM363200,23.9,1,GPL3921,-0.028843369908160076,-0.21273556089171722,-0.5554332643144826
GSM362984,51.4,0,GPL3921,-0.46049343141476545,-0.5470858991191151,-1.0194222730951135
GSM363037,61.2,0,GPL3921,0.49024478706112273,0.41307159935902804,0.9789262904470295
GSM363362,5.8,1,GPL3921,-0.3946327312826864,-0.4607238662782209,-0.1011675645662434
GSM363357,8.8,1,GPL3921,0.04308769319739605,0.349655659805713,0.5187505920966686
GSM363080,2.3,1,GPL3921,0.09877187378312681,0.4289608214182539,0.5447928266215074
GSM363125,16.5,1,GPL3921,-0.14639469922109155,-0.6292269760073801,-0.01031262580743112
GSM363106,14.6,1,GPL3921,-0.07432873478271426,0.16854476379919325,0.3829224149051857
GSM362988,51.1,0,GPL3921,0.2541414694600352,0.0316280290721909,0.15030547589311827
GSM363107,7.0,1,GPL3921,-0.08998324346320284,-0.19169110658702523,-0.47094403142702246
GSM363355,9.1,1,GPL3921,0.4337651164975921,0.5328968596264322,-0.057583654814545415
GSM363087,54.0,0,GPL3921,-0.46447319349708655,-0.865259005998603,-0.6566769733607094
GSM363268,56.0,0,GPL3921,0.46141782832218214,0.9607591749062316,0.9203851068201369
GSM363015,59.7,0,GPL3921,-0.5207243165784987,-0.5737381232839885,-0.4727061992351125
GSM363014,60.7,0,GPL3921,-0.2695173762798592,-0.5846782922452054,-0.7762056011474701
GSM363364,27.1,1,GPL3921,-0.4678561532802141,-0.586971954612835,-0.828648098245589
GSM363034,45.9,1,GPL3921,-0.4313240205437766,-0.543559387600097,-0.5410536942374948
GSM363078,57.9,1,GPL3921,0.13414771225314165,0.022965035758749752,0.3392185046211361
GSM363202,60.0,0,GPL3921,-0.19466922989035618,-0.2676034994840449,-0.5361274901747871
GSM363332,12.6,1,GPL3921,0.04111548849066002,0.813776749696427,1.8976870845165728
GSM363313,36.6,0,GPL3921,-0.0007635765080306889,-0.1247265473738737,-0.8184386552982147
GSM363017,12.7,1,GPL3921,0.1794625667706956,0.6644143803294026,1.009919203100866
GSM363294,62.6,0,GPL3921,-0.0988278459201608,0.03931784950310023,0.3916146448567735
GSM363330,12.6,1,GPL3921,0.5163837363811578,0.8456756946307926,0.8322195716479917
GSM363360,53.3,0,GPL3921,-0.16273307893657357,-0.2593501102337874,0.25013081408418775
GSM363008,58.4,0,GPL3921,-0.054932423986581956,-0.39833014508047465,-0.579529138687231
GSM363143,32.6,1,GPL3921,0.10717791621606866,-0.018542232852303497,-0.2940739767079075
GSM363127,22.2,1,GPL3921,0.5333955420287146,1.296636973995748,1.1945389090745397
GSM363102,37.9,1,GPL3921,-0.08834239801333729,0.012310801126546658,-0.746321917815913
GSM363151,67.1,0,GPL3921,0.16621997177816972,1.1574605313419073,1.2186484236276747
GSM363124,53.5,0,GPL3921,-0.4619370772069335,-0.5471853857527973,-1.0735974946452607
GSM712542,7.5,1,GPL3921,0.08785375504959343,0.17609246577391202,0.17817353516004686
GSM363335,59.4,0,GPL3921,-0.5832942317137455,-0.825589202721666,-1.6021874175835422
GSM363350,62.9,0,GPL3921,0.40366700734911853,0.7038531420863348,1.2948988948779252
GSM363386,10.0,1,GPL3921,0.20111579312964156,-0.3351936132481411,0.8271899026864027
GSM363207,53.3,1,GPL3921,0.4404613403750952,-0.2764505638041252,-0.4998531449111175
GSM362986,64.5,0,GPL3921,0.17772159177924876,0.32017344351510246,0.31797926416828415
GSM362972,66.0,0,GPL3921,-0.21845140836369809,-0.04303770637130161,-0.8952441000282484
GSM363186,7.6,1,GPL3921,-0.45253440267630096,-0.4639788552284098,-1.6965863008268873
GSM363288,60.3,0,GPL3921,-0.3304369306916821,-0.22853506765756423,-0.5907996776207038
GSM363016,2.0,0,GPL3921,-0.24706431023763958,-0.1291384784842111,-1.4223150823640875
GSM363341,65.4,0,GPL3921,0.2604703712075312,0.38941083968517076,0.6244992104886331
GSM363243,55.8,0,GPL3921,-0.4321339653092983,-0.621126570512204,-1.3477896491416421
GSM363168,53.8,0,GPL3921,-0.5290322658628918,-0.4841486422831688,-1.1592456227394177
GSM363051,20.6,0,GPL3921,-0.05695375112362961,0.1563910995956771,0.07886983216635113
GSM363098,56.9,0,GPL3921,-0.022547104630257584,-0.22749398589344874,-1.109101002503013
GSM363314,57.1,0,GPL3921,-0.005988686126792639,0.3473342678763014,0.9346975618110906
GSM363170,53.3,0,GPL3921,0.3621066090268978,0.516065664893736,0.7417500176775161
GSM363029,51.3,0,GPL3921,-0.16855239538110803,-0.6619829316992228,-0.39427165705798145
GSM363298,53.6,0,GPL3921,-0.15534189540527898,-0.2552947765657771,-0.15238601931335108
GSM363265,65.1,0,GPL3921,0.05108724632990847,-0.5673312914360911,-0.23174290480747722
GSM363038,15.1,1,GPL3921,0.22324542625762706,0.31891286480193193,0.8201558377362252
GSM363309,53.0,1,GPL3921,0.3751387182584176,0.3482531514078706,0.9873232123054843
GSM363104,35.9,1,GPL3921,-0.5047371451639103,-0.3954826852337999,-1.3841768863282313
GSM363393,4.0,1,GPL3921,-0.06258271119229417,-0.4988865436032106,-1.4217181621827173
GSM363011,17.6,1,GPL3921,0.3129229422401047,-0.06106394762427786,0.1063581819998857
GSM363180,47.1,1,GPL3921,-0.22554624556507966,-0.25491014783264515,-0.4493904333720498
GSM363048,20.3,1,GPL3921,0.4365095871671062,0.6190941753697763,0.697392472256386
GSM363077,52.7,0,GPL3921,-0.22332360882525953,0.27712833924358143,0.46322390986889384
GSM363144,51.1,0,GPL3921,-0.002190327189143009,-0.25788720056347697,-0.4268151270219683
GSM363336,8.0,1,GPL3921,-0.22261676776629807,-0.060199843944212766,-0.3891456174767546
GSM363073,26.5,1,GPL3921,-0.2191995266580122,-0.044411881749315846,-0.8370349328314436
GSM362977,66.3,0,GPL3921,-0.1600239481561313,-0.38616769053773703,-0.3978472085084933
GSM363012,4.5,1,GPL3921,-0.1849626328186077,-0.19464989936735566,-1.607453290310244
GSM363328,12.0,1,GPL3921,0.1649148149092782,-0.2794947331869758,-0.4940384220253102
GSM363215,18.6,0,GPL3921,0.01986156226495571,0.051412206392736026,0.23271350383413222
GSM363400,55.6,0,GPL3921,-0.1279000390502646,0.08689244269762399,0.8773701092647341
GSM363358,53.9,0,GPL3921,0.08787884254924934,0.142193564995578,-0.4838563519279827
GSM363391,57.3,0,GPL3921,-0.19424617032131275,-0.5469180131033081,-0.2470946248605314
GSM363333,13.5,1,GPL3921,-0.06395650899776661,-0.3577985018546608,-0.6007748815816567
GSM363083,53.3,0,GPL3921,0.24576493696000276,0.41062763165403277,0.5318068378996738
GSM363218,15.2,1,GPL3921,0.6295479577560665,0.7883750311753972,1.2819295664177905
GSM363086,60.5,0,GPL3921,-0.1547452377593672,-0.16874531502846857,0.5821387505003425
GSM363267,47.9,1,GPL3921,-0.13071416826702387,-0.5566129961126218,-0.3376023116953386
GSM362994,54.8,0,GPL3921,-0.0448297034772477,0.514448187009215,-0.48539177861782257
GSM363224,57.9,0,GPL3921,-0.05068672279849858,0.174683430768037,0.16870398788008586
GSM363269,52.7,1,GPL3921,-0.3832133160133465,-0.27152282661736993,0.08083641132280447
GSM363297,3.0,0,GPL3921,0.37384553598038645,0.9047093188237035,0.8753735600200903
GSM363182,52.7,0,GPL3921,-0.3105521300886785,-0.2847533002564412,-0.021591823068336465
GSM363109,55.2,0,GPL3921,0.5219942655343132,0.7432161856235449,0.2549827046414497
GSM363054,53.8,0,GPL3921,-0.1508181725236427,-0.2565816133391057,-1.4850983234271016
GSM363075,18.0,1,GPL3921,0.0347873582589711,-0.30032836792432976,-0.001975048973430327
GSM363129,3.5,1,GPL3921,0.1487405747603558,1.2670424437703984,1.8022592496912153
GSM363101,56.3,0,GPL3921,-0.07123622404889698,-0.2821220926265502,-0.06309018259087007
GSM363378,31.9,1,GPL3921,-0.47581296129239414,-0.520636496411923,-0.23228092548939258
GSM363232,57.9,0,GPL3921,-0.045484950534898844,-0.39898806961308275,-0.06080033638646319
GSM362993,3.8,0,GPL3921,-0.059423847463872026,0.2621677720562283,0.2793623208565173
GSM363150,3.3,1,GPL3921,0.39691384804990815,0.05318108357320864,1.3862472596532918
GSM363142,46.1,1,GPL3921,0.02868471359973478,-0.7729534312659132,-0.7010296260899589
GSM363013,7.7,1,GPL3921,0.20322328353157929,0.062341019554520816,0.5039677414271537
GSM363331,36.5,1,GPL3921,0.2951593770798863,0.2201456783698404,0.6169742274435878
GSM363128,30.1,1,GPL3921,0.19950977016727486,0.03341388347305976,-0.3992174355370029
GSM363315,65.4,0,GPL3921,-0.371664406479689,-0.5791394122676902,-0.5323144712320419
GSM363384,51.6,1,GPL3921,0.45460879647606856,1.2629083359219135,1.1219627603939397
GSM363147,28.7,1,GPL3921,0.12206806268507714,0.08258799633062514,0.7474588788534177
GSM363368,15.4,1,GPL3921,0.07615738522275442,0.40113773383358875,-0.610046824326264
GSM363081,5.2,1,GPL3921,0.20458756257125882,0.49643881001913015,0.5767977999906504
GSM363052,14.3,1,GPL3921,0.4521278416099062,0.27415849239284196,1.0770859992136734
GSM362966,66.1,0,GPL3921,-0.14315614477802274,-0.6302945046031723,-0.12141788826942856
GSM363169,39.4,0,GPL3921,0.3872544028138086,0.42824555157393007,0.15990902106921073
GSM363085,54.8,1,GPL3921,0.0898936685506906,0.18846879584474033,0.5691713689332146
GSM363388,57.3,0,GPL3921,0.19721185692984478,-0.14331794190532682,-0.026357944047520187
GSM363196,57.7,0,GPL3921,-0.010537004715039943,-0.3162944779758788,-1.2346276100680937
GSM363266,2.5,1,GPL3921,0.08929094322087547,-0.026379415617329455,0.6070076616592874
GSM363326,37.2,1,GPL3921,-0.014123477078397645,-0.1583028809646863,0.46970020426948134
GSM363230,4.8,0,GPL3921,0.10883629233659894,-0.25579202096267056,0.6596159347587419
GSM363237,57.5,0,GPL3921,0.6069964130210973,0.2130402521689919,1.170691761604235
GSM363204,14.1,1,GPL3921,-0.06811231964895186,0.2298954412306586,0.48250697787355773
GSM362992,64.3,0,GPL3921,0.2618519318058046,0.18526571955682125,0.320241139679949
GSM363264,17.8,1,GPL3921,0.08995084521545166,-0.11330403627648958,-1.1042288236045708
GSM363312,55.3,0,GPL3921,-0.3109734218850046,-0.29019190137070977,-0.9637587720137513
GSM363123,42.7,0,GPL3921,0.21205732712485434,0.15304175493222782,0.45037478520345176
GSM363245,57.5,0,GPL3921,0.49258523317947966,1.271815612742944,1.4911854606124895
GSM363192,52.2,0,GPL3921,0.12689745463930924,0.377664402856146,0.24256191540760924
GSM363291,50.1,1,GPL3921,-0.06924925800690147,-0.08543563845160074,0.10149937297167147
GSM363273,58.0,0,GPL3921,-0.4430494123235038,-0.6855874400199518,-1.3693709520272945
GSM363148,52.4,0,GPL3921,-0.1974468636662112,-0.3144206815122783,0.07037823052245513
GSM363263,3.0,1,GPL3921,0.3667974697956319,0.3042680364650445,1.3016353233599118
GSM362978,28.8,1,GPL3921,-0.19950218154527746,-0.6395215572365036,-0.19878868414857204
GSM363056,19.2,1,GPL3921,0.26629898628906207,0.06033121655623461,0.22568163954719916
GSM363310,23.5,1,GPL3921,-0.024446338850608818,-0.21680194863013685,0.6734922143543713
GSM363275,59.8,0,GPL3921,-0.5294918741923917,-0.7490245067130019,-1.5026308445514445
GSM363352,16.2,1,GPL3921,0.04289908425635589,-0.2887251435100824,-0.558355843636144
GSM363293,61.5,0,GPL3921,-0.021084205176524165,0.09823391588334557,-1.184726521864857
GSM363292,59.9,0,GPL3921,0.28760380623006143,0.40594100905660874,0.16713693990961867
GSM363211,8.9,1,GPL3921,-0.07457362688897826,-0.07024550124586675,0.30483549025601425
GSM363070,57.0,0,GPL3921,0.6400563360635357,1.5489917114808465,1.4482286108154625
GSM363339,65.4,0,GPL3921,0.18359931727958712,-0.030123462083237018,0.11468256779134109
GSM363270,21.3,1,GPL3921,-0.13018176405602686,-0.07540775059990656,0.7540270374091975
GSM363371,66.3,0,GPL3921,0.012619947666394404,-0.000817129918090187,0.07077718211126365
GSM363009,58.9,0,GPL3921,0.15800267997651188,-0.10240265094746387,1.2943612065631123
GSM362982,64.6,0,GPL3921,0.4889206795358638,0.4408934042135879,-0.00967945199727423
GSM363188,57.3,0,GPL3921,-0.016315234469330996,0.24401114568953064,-0.08654223986880233
GSM363251,19.6,1,GPL3921,0.03793052220763878,0.48001820035070053,0.24321510802091958
GSM363057,60.5,1,GPL3921,-0.21630416530708918,0.11720224276729702,-0.49061075546836663
GSM363030,4.5,1,GPL3921,-0.07245894355189253,0.23762098933300596,0.7447290355464885
GSM363274,26.9,1,GPL3921,0.059348532721574275,0.30732344868982275,0.06821518067465474
GSM363146,54.9,0,GPL3921,0.5723433021763817,0.7949901171304212,0.4332082605348366
GSM362983,64.2,0,GPL3921,0.06369381335149568,0.6248937126172303,0.4582521973503885
GSM363222,48.4,0,GPL3921,0.4936476519137242,1.5865075183436375,1.36562487765772
GSM363074,57.7,0,GPL3921,-0.37652235693685243,-0.6010192596895829,-0.9601855486302519
GSM363290,54.7,0,GPL3921,-0.07247726879386161,-0.15563979385367355,-0.4379192304173968
GSM362987,60.4,0,GPL3921,0.22081758572901491,0.32235211353027776,-0.5541741485150664
GSM363035,56.1,0,GPL3921,-0.29065028625178935,-0.1991302298598177,-1.4930193629802506
GSM363036,32.7,1,GPL3921,-0.3194311390356822,-0.45425682192937367,0.34815889812479217
GSM363079,7.8,1,GPL3921,-0.15822342328577657,0.018230952147418378,0.11026801578478737
GSM363317,62.8,0,GPL3921,0.4114157044967814,0.5888318363140105,0.43195360705104485
GSM363172,6.7,1,GPL3921,0.21705665726378479,0.13278530854484244,0.2450131768152392
GSM363084,62.6,0,GPL3921,-0.2472489892583274,-0.5962537870976706,-1.6502150984132995
GSM363239,42.2,1,GPL3921,0.06024840661466371,0.049003853401674485,0.5541480940462217
GSM363121,51.2,0,GPL3921,0.12343818741405187,-0.2852302097431634,-0.5770053086312023
GSM363108,48.8,0,GPL3921,-0.46156453809833303,-0.7641755585575215,-0.8704589319574201
GSM363152,8.3,1,GPL3921,-0.31181733832270986,-0.31895115143636377,0.11268215638848515
GSM363105,9.5,0,GPL3921,-0.09305290004576156,0.13299948580195578,0.8455213975567197
GSM363327,60.1,0,GPL3921,-0.28158656362170986,-0.6871735289238912,-0.7142957884463238
GSM363194,4.5,0,GPL3921,0.49241244367669657,0.8681947161342498,1.6844554961394298
GSM363346,14.3,1,GPL3921,0.18846694851416212,-0.16152342497354244,0.31451433404959817
GSM363174,67.1,0,GPL3921,-0.20337582566110105,-0.3843563703062747,-0.10414896160030432
GSM362976,67.0,0,GPL3921,-0.12696265357580952,-0.3616867417364285,-1.7887611104745145
GSM363190,4.8,0,GPL3921,0.40548629785223245,0.383927531788724,0.8929871834957954
GSM363069,13.6,1,GPL3921,0.01924813733367181,0.09895718383732587,0.22629798261357922
GSM363247,52.9,0,GPL3921,0.1048499483245191,0.13159331798531523,-0.5800884177946092
GSM363076,23.0,1,GPL3921,-0.6013510786475575,-0.6752316652887955,-1.050257452095757
GSM363376,61.5,0,GPL3921,0.09417616824073961,0.43238577134392003,0.2594356176939739
GSM362959,9.5,1,GPL3921,0.20839719380608562,-0.5310619532553091,0.30845898181555187
GSM363226,60.4,0,GPL3921,-0.17410454852238333,-0.07841204239197941,-1.2115319169974366
GSM363010,62.0,0,GPL3921,-0.29897125940611685,-0.7437555648451872,-1.2408992053087307
GSM363220,54.2,0,GPL3921,0.05588865252346885,-0.12848183668170882,-0.2522175384184137
GSM362964,67.4,0,GPL3921,0.035835526310869795,-0.15393724109565546,-0.5609168758457577
GSM363348,14.3,0,GPL3921,0.15693670578565455,-0.3173323908217375,0.9476553579902047
GSM363213,57.6,0,GPL3921,-0.40870576882465043,-0.5374011779506462,-0.7339373738720174
GSM363198,57.9,0,GPL3921,0.15565630574231407,-0.08873642814255475,-0.39422315798283986
GSM363184,16.3,0,GPL3921,0.4134132801059007,0.4728539573365135,1.21523717921595
GSM362960,66.1,0,GPL3921,-0.08763692874714446,-0.15681016677292406,-0.1635804839204329
GSM363145,33.0,1,GPL3921,0.2160130502973454,0.48773842876110757,1.304797367283128
GSM363050,54.2,0,GPL3921,-0.06177480944074841,0.6081300120795896,-0.2657969195384921
GSM363241,54.2,0,GPL3921,-0.2393098622203441,-0.780890591165163,-0.18566219068748166
GSM363122,55.4,0,GPL3921,-0.09370777218282139,0.37891166376771884,-0.2258050612054713
GSM362971,48.1,1,GPL3921,-0.3359662298088535,-0.3591002408887155,-1.44835237912965
