feature,n_genes,low,high,diff,p
CD8_T,6,-0.036754074074074064,-0.08907907407407409,-0.052325000000000024,0.10498787822034036
CD4_T,6,0.0029746296296296413,-0.06912240740740741,-0.07209703703703706,0.5112693047692269
Treg,5,-0.11524344444444444,0.015580444444444445,0.13082388888888888,0.12652435099458959
NK,4,0.1361119444444444,-0.15903166666666668,-0.2951436111111111,0.0001471532538455711
B_cell,4,-0.10980444444444445,-0.15980319444444444,-0.04999874999999998,0.3906557912179094
M1_macro,5,-0.0613748888888889,-0.03267555555555554,0.02869933333333336,0.6635344878036744
M2_macro,5,0.06946766666666668,-0.07686222222222223,-0.14632988888888893,0.07243574686338668
DC,5,0.05433944444444443,-0.08307177777777779,-0.1374112222222222,0.2034833081172106
Neutrophil,4,-0.10407166666666669,0.07779722222222221,0.1818688888888889,0.08628326869543351
Checkpoint,6,-0.13968314814814817,0.05024277777777776,0.18992592592592594,0.052478465142322114
IFN_signature,5,-0.1281118888888889,-0.01307455555555557,0.11503733333333331,0.22748427662865522
