term,coef,se,HR,lo,hi,p,n,model
score_z,0.6313716569053472,0.10833068999578684,1.8801877838971377,1.5205124346359067,2.3249438953536252,5.603234419543319e-09,337,Model A
stage_III_IV,0.6786090903950848,0.1946094614503682,1.971134155209892,1.3460596609942441,2.886476707106097,0.000488416003152765,337,Model A
grade_G3_G4,-0.1685153499961661,0.20617097852471877,0.8449182938268242,0.5640552662036376,1.2656329370843977,0.4137242821528433,337,Model A
sex_male,-0.28161029343963884,0.19866697954630327,0.7545676872199263,0.511202023155227,1.1137913560712533,0.1563370150461449,337,Model A
age_z,0.18422686411416045,0.10186923484508754,1.2022885482858245,0.9846853137162102,1.4679793972796402,0.07053428407782829,337,Model A
score_z,0.5009023158053195,0.10688905277020108,1.6502096093360041,1.3383046441953637,2.0348070721836033,2.783390868207008e-06,337,Model B
stage_III_IV,0.7845773282558677,0.19329977793337447,2.1914804680784274,1.5003774732554347,3.2009189204559707,4.931221939466818e-05,337,Model B
grade_G3_G4,-0.06949335157228911,0.2012545044278441,0.9328663354583342,0.6287981801861521,1.3839728346125808,0.7298682072436871,337,Model B
sex_male,-0.20033741991351042,0.19840040606261286,0.8184545436199963,0.5547736588473396,1.207461510274315,0.3126087767324803,337,Model B
age_z,0.199583052435857,0.10570425637060185,1.2208936034081104,0.9924352745931075,1.5019429770409658,0.059008913141812204,337,Model B
