gene,high_n,low_n,high_pct,low_pct,p
TP53,77,30,42.77777777777778,16.666666666666668,7.943224532973917e-08
CTNNB1,58,35,32.22222222222222,19.444444444444443,0.007876990649114674
RB1,15,4,8.333333333333334,2.2222222222222223,0.016227704685940866
BAP1,6,14,3.3333333333333335,7.777777777777778,0.10519033812954715
AXIN1,8,16,4.444444444444445,8.88888888888889,0.13774628237041223
TSC2,9,3,5.0,1.6666666666666667,0.1392359980980189
KEAP1,12,6,6.666666666666667,3.3333333333333335,0.22584862492402993
PIK3CA,4,8,2.2222222222222223,4.444444444444445,0.379490265423974
TSC1,5,2,2.7777777777777777,1.1111111111111112,0.4485164303863488
ALB,20,24,11.11111111111111,13.333333333333334,0.6296933104759008
ARID1A,15,12,8.333333333333334,6.666666666666667,0.6897092886834584
APOB,18,16,10.0,8.88888888888889,0.8572688657406907
TTN,46,48,25.555555555555557,26.666666666666668,0.9045392213495913
ARID2,10,9,5.555555555555555,5.0,1.0
NFE2L2,6,5,3.3333333333333335,2.7777777777777777,1.0
PTEN,4,3,2.2222222222222223,1.6666666666666667,1.0
