pat,ASPM,AURKA,AURKB,BUB1,BUB1B,CCNB1,CCNB2,CDK1,CDKN3,CENPE,MCM2,MCM3,MCM4,MCM6,MCM7,MKI67,PCNA,RACGAP1,TOP2A,TTK
VENHQS00Ui1BQThJOmxpaGNfdGNnYV9wYW5fY2FuX2F0bGFzXzIwMTg,0.038,0.366,-0.6533,0.6534,0.2659,0.5016,-0.0129,0.4807,0.082,0.623,-0.1059,0.0802,-0.0392,-1.2091,-0.3008,0.7054,-0.6851,0.2673,0.6031,0.0162
VENHQS01Qy1BOVZHOmxpaGNfdGNnYV9wYW5fY2FuX2F0bGFzXzIwMTg,1.1151,1.6678,1.2461,0.7095,1.1965,1.0755,1.2418,0.9338,0.1219,0.7678,0.548,0.371,1.3505,0.075,0.6773,1.1004,-0.6357,0.6578,0.641,0.8684
VENHQS01Qy1BOVZIOmxpaGNfdGNnYV9wYW5fY2FuX2F0bGFzXzIwMTg,0.1314,-0.6667,0.4864,0.1449,-0.3806,0.1226,0.0886,0.4102,0.15,0.2582,-0.2238,-0.2793,0.7631,-0.1866,-0.2535,-0.1493,-0.3606,-0.2658,-0.1251,0.006
VENHQS01Qy1BQVBEOmxpaGNfdGNnYV9wYW5fY2FuX2F0bGFzXzIwMTg,-0.0815,0.5139,1.2567,1.0599,0.7959,0.6218,1.1171,0.4867,0.6617,0.51,1.8593,1.0224,0.642,1.5916,1.5744,0.5659,1.9126,0.8494,0.6437,0.7488
VENHQS01Ui1BQTFDOmxpaGNfdGNnYV9wYW5fY2FuX2F0bGFzXzIwMTg,0.1107,-0.4513,-0.4879,0.3429,-0.5667,-0.6208,-0.2771,-0.3193,0.1349,-0.5101,0.1476,-0.1752,0.1756,0.2135,-1.1057,-1.3136,0.2412,0.5531,-0.7618,0.0999
VENHQS01Ui1BQTFEOmxpaGNfdGNnYV9wYW5fY2FuX2F0bGFzXzIwMTg,-1.6316,-1.3653,-1.2685,-1.2837,-1.3556,-1.2453,-1.6193,-0.9515,-1.0263,-1.0532,-1.1476,-0.7456,-0.8093,-0.8731,-1.839,-0.3893,-1.2592,-0.6186,-1.1165,-1.144
VENHQS01Ui1BQUFNOmxpaGNfdGNnYV9wYW5fY2FuX2F0bGFzXzIwMTg,-1.1807,-1.2979,-1.5023,-1.0513,-1.0882,-1.3216,-0.7542,-1.236,-1.5554,-0.604,-1.0881,-1.9977,-0.6895,-1.1745,-1.3114,-1.0784,-1.2054,-1.0984,-0.919,-1.5555
VENHQS0yVi1BOTVTOmxpaGNfdGNnYV9wYW5fY2FuX2F0bGFzXzIwMTg,0.4086,0.0024,1.0736,0.5683,0.6766,0.4323,0.6687,0.7696,0.8398,0.4602,0.3756,0.2468,-0.4871,0.5062,0.5418,0.8291,0.3982,0.8638,0.4263,0.6099
VENHQS0yWS1BOUdTOmxpaGNfdGNnYV9wYW5fY2FuX2F0bGFzXzIwMTg,1.213,0.5812,0.9091,1.287,1.492,0.9362,1.3331,0.2457,0.5939,1.1285,1.0506,0.3855,1.0065,1.1033,1.5182,0.7075,0.8351,1.089,1.0608,1.345
VENHQS0yWS1BOUdUOmxpaGNfdGNnYV9wYW5fY2FuX2F0bGFzXzIwMTg,-0.5482,-0.6182,-0.6255,-0.8627,-0.5585,-1.4981,-0.8885,-0.5203,-0.9053,-0.4951,-0.1669,-0.7001,-0.3105,-0.4679,-0.436,-0.2423,-0.2762,-0.8622,-0.5882,-0.8604
VENHQS0yWS1BOUdVOmxpaGNfdGNnYV9wYW5fY2FuX2F0bGFzXzIwMTg,1.1874,1.3427,-0.0069,0.1705,0.3162,0.8281,0.7068,0.1148,0.6293,0.5935,-0.8386,-0.9415,0.375,-1.5469,-1.3227,0.3983,-1.0144,-0.0418,-0.1001,0.6983
VENHQS0yWS1BOUdWOmxpaGNfdGNnYV9wYW5fY2FuX2F0bGFzXzIwMTg,-1.4914,-2.2946,-1.4731,-1.6474,-1.4159,-1.4243,-1.3264,-1.3729,-1.8043,-0.9317,-1.3996,-1.0645,-1.0919,-1.633,-1.0447,-0.9271,-1.2947,-1.77,-1.0489,-1.2811
VENHQS0yWS1BOUdXOmxpaGNfdGNnYV9wYW5fY2FuX2F0bGFzXzIwMTg,-0.2461,-0.6225,0.03,-0.1645,-0.07,-0.3705,-0.2707,-0.105,-0.1803,-0.1689,-0.694,-0.7239,0.6639,-0.701,-0.3166,-0.1394,-0.4344,-0.3336,-0.4084,-0.3677
VENHQS0yWS1BOUdYOmxpaGNfdGNnYV9wYW5fY2FuX2F0bGFzXzIwMTg,-0.3371,-0.4756,-0.3117,-0.1643,0.0959,-0.769,-0.4862,-0.2026,-1.4162,0.1172,-0.2935,-0.7823,0.1126,-0.2036,-0.6528,-0.0497,-0.3805,-0.5801,-0.2405,0.0518
VENHQS0yWS1BOUdZOmxpaGNfdGNnYV9wYW5fY2FuX2F0bGFzXzIwMTg,0.5422,0.516,1.3388,1.077,1.1263,1.3472,1.0658,1.052,-0.0655,0.5856,1.1594,1.3431,0.1882,1.232,1.3995,0.5614,0.8422,0.2954,0.9791,1.1822
VENHQS0yWS1BOUdaOmxpaGNfdGNnYV9wYW5fY2FuX2F0bGFzXzIwMTg,-0.2928,-0.75,-0.9716,-0.6519,-0.0166,-0.152,-0.4522,-0.7757,-0.6478,-1.1091,0.1607,-0.8343,-0.2568,-0.8596,0.0816,-0.0791,-0.1324,-1.0854,-0.3354,-0.5094
VENHQS0yWS1BOUg0OmxpaGNfdGNnYV9wYW5fY2FuX2F0bGFzXzIwMTg,-0.5282,-0.5475,-0.2281,-0.9686,-0.1228,-0.092,0.1598,-0.7169,0.2109,-0.2315,0.9563,0.7074,-0.2397,-0.3364,0.5489,-0.5647,0.2949,-0.8318,-0.2091,-0.4247
VENHQS0yWS1BOUg1OmxpaGNfdGNnYV9wYW5fY2FuX2F0bGFzXzIwMTg,0.4066,-0.7246,0.1106,0.3832,0.1244,-0.0164,0.2751,0.2671,0.0296,0.3016,-0.3667,-0.0632,-0.8459,-0.7678,-0.3956,0.2957,-0.4558,-0.0492,-0.0357,0.5474
VENHQS0yWS1BOUg2OmxpaGNfdGNnYV9wYW5fY2FuX2F0bGFzXzIwMTg,-0.8349,0.28,-0.4073,-1.2936,-0.6057,-0.7016,-0.5914,-0.3608,-0.6961,-0.9284,-0.9108,-1.1913,-0.3313,-1.4051,-1.1861,-0.3184,-1.732,-0.8967,-0.6995,-1.0942
VENHQS0yWS1BOUg3OmxpaGNfdGNnYV9wYW5fY2FuX2F0bGFzXzIwMTg,0.9702,-0.1224,0.8468,0.3705,0.5749,0.5754,0.7579,0.4133,0.675,0.5581,0.4441,-0.4,0.0385,0.2904,0.1946,0.3012,-1.0413,-0.2162,0.4394,-0.0177
VENHQS0yWS1BOUg4OmxpaGNfdGNnYV9wYW5fY2FuX2F0bGFzXzIwMTg,0.0538,0.2916,0.7474,0.4131,0.1385,0.5501,0.556,0.6326,1.1942,0.3327,0.4516,1.054,0.7906,0.5419,0.4059,0.8095,0.2862,0.1701,0.5998,1.0392
VENHQS0yWS1BOUg5OmxpaGNfdGNnYV9wYW5fY2FuX2F0bGFzXzIwMTg,0.1538,1.4338,-0.7865,-0.0802,0.4226,-0.5714,-0.8175,-0.0416,-0.2343,0.233,-0.1103,-0.7074,-0.2181,-0.4265,0.5929,-0.1407,0.1506,-0.405,-0.2218,-0.2262
VENHQS0yWS1BOUgwOmxpaGNfdGNnYV9wYW5fY2FuX2F0bGFzXzIwMTg,1.1485,1.1211,1.0659,1.3797,1.2889,1.0023,1.2546,1.9663,1.554,1.0491,1.3532,1.1675,1.3213,1.4188,1.661,1.7788,1.4201,1.2778,1.6303,0.7974
VENHQS0yWS1BOUgxOmxpaGNfdGNnYV9wYW5fY2FuX2F0bGFzXzIwMTg,-2.6793,-1.8645,-1.007,-2.8817,-2.3429,-1.5446,-2.1314,-2.6322,-1.1595,-2.6897,-1.7402,-1.6634,-1.5884,-1.3652,-0.6203,-1.7871,-0.811,-1.985,-2.3326,-1.8072
VENHQS0yWS1BOUgyOmxpaGNfdGNnYV9wYW5fY2FuX2F0bGFzXzIwMTg,-0.2092,-0.4852,0.3699,0.4859,0.9675,-0.421,0.5891,-0.1617,-0.2445,0.3939,0.5605,1.4557,0.9124,0.3902,0.7051,0.5342,0.1227,0.6901,0.558,-0.0975
VENHQS0yWS1BOUgzOmxpaGNfdGNnYV9wYW5fY2FuX2F0bGFzXzIwMTg,-1.6034,-0.6826,0.0814,-1.2942,-1.1699,-0.5377,-0.6816,-0.8086,-1.5922,-1.4858,-0.9253,-0.7145,-1.7351,-1.2656,-0.2733,-0.7172,-0.594,-1.1911,-1.1774,-0.5573
VENHQS0yWS1BOUhBOmxpaGNfdGNnYV9wYW5fY2FuX2F0bGFzXzIwMTg,-0.6817,0.1599,-0.1597,0.5879,0.5442,0.2725,0.19,0.3395,0.4137,0.4197,0.4912,-0.231,0.022,-0.0827,-0.1513,0.3448,0.3978,0.5298,0.151,1.1232
VENHQS0yWS1BOUhCOmxpaGNfdGNnYV9wYW5fY2FuX2F0bGFzXzIwMTg,-0.3939,-0.4009,-0.4144,-0.3583,-0.3395,-0.4388,-0.3176,-0.6682,-0.7854,-0.5842,-1.1835,-0.8993,-0.2163,-0.6849,-0.7521,-0.4167,-0.2184,-0.9936,-0.6385,-0.513
VENHQS0zSy1BQVo4OmxpaGNfdGNnYV9wYW5fY2FuX2F0bGFzXzIwMTg,-2.1328,-0.8335,-1.0678,-1.8675,-1.6969,-1.4785,-1.6026,-1.7074,-1.5345,-1.3812,-0.9328,-0.5712,-0.4061,-1.0133,-0.5158,-1.6933,-0.1704,-1.8254,-1.6656,-1.1353
VENHQS1CQy00MDcyOmxpaGNfdGNnYV9wYW5fY2FuX2F0bGFzXzIwMTg,0.4412,1.4454,0.3472,1.1093,0.9599,0.5731,0.6579,0.9366,0.1018,1.3227,0.7676,0.3855,1.3733,1.0368,1.3644,1.1932,0.9459,0.9485,1.324,0.7318
VENHQS1CQy00MDczOmxpaGNfdGNnYV9wYW5fY2FuX2F0bGFzXzIwMTg,0.7383,0.4348,0.4785,1.1532,1.3254,0.9121,0.9268,1.4558,0.7133,1.6906,0.6291,0.5759,1.1204,0.7164,0.0175,0.9348,0.1944,1.0984,1.3961,1.0496
VENHQS1CQy1BM0tGOmxpaGNfdGNnYV9wYW5fY2FuX2F0bGFzXzIwMTg,-0.4391,0.1153,-0.3029,-0.6914,0.1156,0.0015,0.618,0.2735,-0.1124,-0.0561,0.0873,0.67,1.3165,-0.618,-0.4239,0.2381,0.1452,-0.2514,0.2712,-0.5492
VENHQS1CQy1BM0tHOmxpaGNfdGNnYV9wYW5fY2FuX2F0bGFzXzIwMTg,2.3807,0.697,0.7011,1.8088,2.2922,1.5286,1.7026,1.8578,1.626,2.0791,2.0815,1.3718,0.9686,2.4288,0.8785,1.1939,1.9104,1.9923,1.9339,1.8838
VENHQS1CQy1BMTBROmxpaGNfdGNnYV9wYW5fY2FuX2F0bGFzXzIwMTg,-0.0351,0.6303,0.8972,1.1998,1.1075,0.6986,0.9823,0.1492,-0.264,0.7797,-0.5569,-0.1402,0.3032,-0.2143,-0.8472,0.8911,-2.6832,0.7976,0.9881,-0.2492
VENHQS1CQy1BMTBSOmxpaGNfdGNnYV9wYW5fY2FuX2F0bGFzXzIwMTg,-0.8587,-1.4628,-1.0065,-0.8205,-0.7656,-1.4062,-0.8971,-1.2311,-0.8225,-0.3988,-0.8516,-1.359,-0.4943,-0.6803,-1.3652,-1.156,-1.1203,-0.9642,-0.8823,-1.4478
VENHQS1CQy1BMTBTOmxpaGNfdGNnYV9wYW5fY2FuX2F0bGFzXzIwMTg,-2.3559,-1.9156,-1.2854,-1.404,-1.7229,-1.5549,-1.3439,-1.8032,-1.5076,-1.7296,-0.9807,-1.2044,-0.4518,-1.2195,-0.8252,-1.8636,-1.3046,-1.3019,-2.2071,-1.4179
VENHQS1CQy1BMTBUOmxpaGNfdGNnYV9wYW5fY2FuX2F0bGFzXzIwMTg,0.7218,-0.3403,-0.3931,0.2455,0.2779,-0.5941,0.5081,0.2767,0.366,-0.0225,0.0038,-0.1003,-0.071,0.1247,0.145,0.4086,-0.3895,0.1799,0.2638,0.5604
VENHQS1CQy1BMTBVOmxpaGNfdGNnYV9wYW5fY2FuX2F0bGFzXzIwMTg,-0.5238,-0.9126,-0.6609,-0.158,-0.1622,-0.6476,-0.3726,-0.6322,-0.2414,-0.7122,-0.4229,-0.9105,-0.0714,-0.5659,-0.0454,-0.0371,-1.3238,-0.3949,-0.8155,-0.1742
VENHQS1CQy1BMTBXOmxpaGNfdGNnYV9wYW5fY2FuX2F0bGFzXzIwMTg,1.7566,1.024,1.0153,1.5527,1.0582,1.3208,0.9473,1.611,1.4314,1.7636,1.5489,0.9495,1.5824,2.3644,0.1812,1.2765,1.5013,1.6038,1.8168,1.5614
VENHQS1CQy1BMTBYOmxpaGNfdGNnYV9wYW5fY2FuX2F0bGFzXzIwMTg,-1.1849,-1.3731,-1.5094,-0.9208,-0.9978,-1.3608,-1.1234,-1.0944,-1.2215,-0.8568,-0.3323,-0.5297,0.0236,-0.4776,-0.5873,-0.8199,-0.8645,-1.275,-1.1191,-1.3486
VENHQS1CQy1BMTBZOmxpaGNfdGNnYV9wYW5fY2FuX2F0bGFzXzIwMTg,1.2814,1.041,0.8517,0.8456,1.0524,1.034,1.0073,1.142,0.9261,0.4768,1.6917,0.9644,0.9972,0.9146,0.7877,0.2597,1.1463,1.2398,0.5743,1.2254
VENHQS1CQy1BMTBaOmxpaGNfdGNnYV9wYW5fY2FuX2F0bGFzXzIwMTg,0.0322,0.2322,-0.2462,0.4237,0.5753,-0.108,0.2292,0.3768,-0.403,0.2039,1.1781,1.083,0.9911,0.9005,0.124,0.7195,-0.4778,0.1571,0.8275,0.4108
VENHQS1CQy1BMTEwOmxpaGNfdGNnYV9wYW5fY2FuX2F0bGFzXzIwMTg,-2.555,-2.2841,-2.0112,-2.2796,-2.103,-2.2407,-2.7824,-2.0398,-1.5289,-1.7881,-2.0107,-1.0321,-0.9972,-1.1291,-1.2646,-2.2034,-1.7419,-2.4417,-2.3194,-2.781
VENHQS1CQy1BMTEyOmxpaGNfdGNnYV9wYW5fY2FuX2F0bGFzXzIwMTg,0.5742,-0.1352,-0.5033,0.5087,0.9076,0.6901,0.3313,-0.0466,-0.3465,0.6561,0.4218,0.8281,0.4431,0.2863,-0.1744,0.5013,-0.15,0.3882,0.6693,0.6859
VENHQS1CQy1BMjE2OmxpaGNfdGNnYV9wYW5fY2FuX2F0bGFzXzIwMTg,2.2909,0.8242,0.9194,1.3897,1.5955,0.6954,1.4167,2.0015,1.4872,1.948,1.135,0.8494,0.5713,1.2154,1.1149,2.0308,0.6703,1.5967,1.6266,1.554
VENHQS1CQy1BMjE3OmxpaGNfdGNnYV9wYW5fY2FuX2F0bGFzXzIwMTg,0.5002,1.1132,0.9996,1.0168,0.9822,0.4799,1.1286,1.0216,1.0628,1.182,1.0762,1.0845,0.0669,0.9393,0.6476,0.7976,1.5388,0.7638,1.0685,1.1536
VENHQS1CQy1BNVc0OmxpaGNfdGNnYV9wYW5fY2FuX2F0bGFzXzIwMTg,-0.2184,-0.5101,-0.7468,0.0778,-0.8569,0.3332,-0.7064,-0.9683,0.9246,-0.7603,-0.3649,-1.6184,-0.9875,-0.6103,0.1731,-1.2874,-0.9759,-0.5578,-0.7934,-0.948
VENHQS1CQy1BNjlIOmxpaGNfdGNnYV9wYW5fY2FuX2F0bGFzXzIwMTg,0.1393,0.7105,1.5909,0.5411,0.3062,1.2625,1.0753,0.5717,0.6287,0.3006,1.6336,1.0715,1.1252,0.7191,3.2752,0.7275,1.1634,0.1482,0.5254,0.6613
VENHQS1CQy1BNjlJOmxpaGNfdGNnYV9wYW5fY2FuX2F0bGFzXzIwMTg,-1.4401,-0.0933,-0.925,-1.4179,-1.6472,-1.1931,-0.85,-1.1263,-1.2726,-1.767,-1.4294,-0.5447,-1.5616,-1.0795,-0.8632,-1.73,0.0482,-0.2532,-1.7319,-2.0919
VENHQS1CQy1BOFlPOmxpaGNfdGNnYV9wYW5fY2FuX2F0bGFzXzIwMTg,1.8151,0.6975,0.7227,1.6958,1.063,1.4048,1.4571,1.4323,1.1645,1.9949,1.9139,1.4493,1.8353,2.0076,1.0633,1.4949,1.4719,1.7303,1.9269,1.5192
VENHQS1CRC1BM0VQOmxpaGNfdGNnYV9wYW5fY2FuX2F0bGFzXzIwMTg,-0.6932,-0.5475,-0.0532,-0.2589,0.248,-0.3151,-0.3901,-0.6555,0.124,0.0905,-0.2839,-0.5096,-0.4943,-0.3768,0.1712,-0.3445,-0.8256,-0.7026,-0.2256,0.1183
VENHQS1CRC1BMkw2OmxpaGNfdGNnYV9wYW5fY2FuX2F0bGFzXzIwMTg,0.6667,0.3925,0.5403,0.6392,0.8785,0.8345,0.9998,1.0867,1.166,1.001,1.033,1.2926,0.066,0.6825,0.9074,0.7981,1.7659,0.7977,1.0601,1.3321
VENHQS1CVy1BNU5POmxpaGNfdGNnYV9wYW5fY2FuX2F0bGFzXzIwMTg,-0.3526,0.2295,0.1887,-0.1126,-0.1621,-0.2817,-0.0015,-0.2232,0.003,-0.9203,0.3693,-0.1138,-0.9218,-0.0859,-0.0054,-0.6934,0.2945,-0.1577,0.0327,0.5087
VENHQS1CVy1BNU5QOmxpaGNfdGNnYV9wYW5fY2FuX2F0bGFzXzIwMTg,0.5131,1.1307,0.5376,0.5592,0.8348,0.5139,0.5919,0.8889,0.6418,0.3146,0.1516,0.5451,-0.0186,0.1547,0.1936,0.5093,0.6362,0.8244,0.6072,0.3066
VENHQS1CVy1BNU5ROmxpaGNfdGNnYV9wYW5fY2FuX2F0bGFzXzIwMTg,0.8642,0.9911,0.9882,1.4582,1.5279,1.8166,1.5165,1.4933,1.4646,1.3282,1.5496,1.3498,1.6275,1.4601,1.5702,0.9876,1.9201,1.9298,1.4908,1.9403
VENHQS1DQy01MjU4OmxpaGNfdGNnYV9wYW5fY2FuX2F0bGFzXzIwMTg,1.7,0.5953,0.9258,1.4109,1.2545,1.0999,1.0365,1.0494,0.4895,1.6748,1.3731,1.0511,2.0731,1.8362,1.5289,1.368,0.1093,0.8682,0.9372,1.3959
VENHQS1DQy01MjU5OmxpaGNfdGNnYV9wYW5fY2FuX2F0bGFzXzIwMTg,0.1212,0.8306,0.756,0.0055,-0.5327,0.7875,0.199,0.665,0.8905,-0.1712,-0.7819,-0.7882,-2.0508,-0.2908,-1.558,0.0458,-0.7787,-0.2087,0.379,0.7928
VENHQS1DQy01MjY0OmxpaGNfdGNnYV9wYW5fY2FuX2F0bGFzXzIwMTg,1.833,1.0373,1.5537,1.4531,1.3199,1.078,1.2685,1.7114,1.1512,1.6938,1.6835,1.3595,1.9936,1.442,2.481,1.939,2.134,2.477,1.893,1.3917
VENHQS1DQy01MjYwOmxpaGNfdGNnYV9wYW5fY2FuX2F0bGFzXzIwMTg,-0.1957,-0.5008,0.2875,0.9951,1.0903,0.5094,-0.0926,-0.1699,-0.7091,0.5473,1.1271,1.2876,1.3279,1.2386,0.8514,0.7088,0.7727,0.6747,0.7923,0.2574
VENHQS1DQy01MjYxOmxpaGNfdGNnYV9wYW5fY2FuX2F0bGFzXzIwMTg,1.1645,0.4324,0.2236,0.7324,0.8395,0.5275,0.5135,0.8192,0.7932,0.8097,1.0564,1.6319,0.9336,1.1648,-0.5401,1.1318,1.9014,0.6331,1.3095,0.8481
VENHQS1DQy01MjYyOmxpaGNfdGNnYV9wYW5fY2FuX2F0bGFzXzIwMTg,0.4113,0.465,0.3369,0.6035,0.5767,0.7775,0.8321,0.5544,1.0797,0.3371,0.171,-0.3084,-1.101,0.4632,0.0798,-0.2101,0.279,0.3211,0.386,0.6244
VENHQS1DQy01MjYzOmxpaGNfdGNnYV9wYW5fY2FuX2F0bGFzXzIwMTg,1.5814,0.8151,0.9559,-0.9297,1.9644,0.6212,1.526,1.7901,1.3406,2.1337,1.7765,1.8311,1.9345,1.9551,1.254,2.7841,1.163,2.2578,2.2894,1.786
VENHQS1DQy1BM005OmxpaGNfdGNnYV9wYW5fY2FuX2F0bGFzXzIwMTg,1.3796,2.4876,3.0414,1.6823,2.0439,2.1248,2.0062,2.1055,1.6914,2.163,1.3444,0.8949,2.0195,1.3424,1.8526,1.3989,2.338,1.8907,1.4577,1.5221
VENHQS1DQy1BM01BOmxpaGNfdGNnYV9wYW5fY2FuX2F0bGFzXzIwMTg,1.1013,0.0165,0.6177,0.8246,0.7942,1.4048,0.8869,1.5981,0.3984,1.3603,0.8865,0.8464,1.3321,0.8833,0.2952,0.8817,0.9226,0.9635,1.2244,0.8257
VENHQS1DQy1BM01COmxpaGNfdGNnYV9wYW5fY2FuX2F0bGFzXzIwMTg,0.9637,0.8536,1.2946,1.0546,1.3933,1.3314,1.1597,1.1768,0.8223,1.1997,1.4073,1.1313,0.8488,0.9465,1.6391,1.2958,1.3707,1.2815,1.235,1.7735
VENHQS1DQy1BM01DOmxpaGNfdGNnYV9wYW5fY2FuX2F0bGFzXzIwMTg,1.0648,1.588,-0.0309,0.8471,0.8983,0.6558,0.3987,0.5823,1.0059,0.8328,1.2913,1.6017,1.9343,1.5894,0.2018,0.8967,1.8687,0.9295,0.7027,0.7853
VENHQS1DQy1BMTIzOmxpaGNfdGNnYV9wYW5fY2FuX2F0bGFzXzIwMTg,-0.1951,0.1559,1.0284,0.0544,-0.4247,0.7831,0.9054,0.2205,0.7975,-1.1507,0.2348,0.0372,-2.27,-0.3988,0.7041,0.4331,-0.3066,-0.0212,-0.1194,0.2425
VENHQS1DQy1BMUhUOmxpaGNfdGNnYV9wYW5fY2FuX2F0bGFzXzIwMTg,0.7522,1.1804,1.1551,1.4679,1.9355,1.3361,1.6224,0.6953,0.5149,1.6299,1.4445,1.3116,1.6553,1.3232,1.0549,1.1712,1.4621,1.3441,1.3725,1.5082
VENHQS1DQy1BN0lFOmxpaGNfdGNnYV9wYW5fY2FuX2F0bGFzXzIwMTg,0.9664,1.2196,1.929,1.032,1.2385,1.0727,0.9297,1.3271,1.1223,0.679,0.2445,0.5786,0.7276,0.5844,0.3761,0.7547,-0.248,0.9314,1.0867,1.4177
VENHQS1DQy1BN0lGOmxpaGNfdGNnYV9wYW5fY2FuX2F0bGFzXzIwMTg,0.0252,0.5937,-0.4113,0.4228,1.0993,0.5755,0.7984,0.4826,0.7294,0.8798,0.3936,0.8286,0.001,0.5101,-0.1708,0.9192,0.2305,0.2779,0.8361,0.7358
VENHQS1DQy1BN0lHOmxpaGNfdGNnYV9wYW5fY2FuX2F0bGFzXzIwMTg,0.6373,0.6312,1.8167,0.2024,0.9423,1.7073,1.2649,1.5742,0.8229,0.5773,1.8205,2.4451,0.7728,0.7866,1.4982,1.3166,1.7358,0.884,1.0107,1.1181
VENHQS1DQy1BN0lIOmxpaGNfdGNnYV9wYW5fY2FuX2F0bGFzXzIwMTg,0.0569,-0.0256,-0.0965,-0.4292,-0.2522,-0.5163,-0.0945,0.0674,-0.0719,-0.2276,-0.0849,0.5051,0.201,0.2154,-0.5204,0.0121,0.0259,0.595,-0.3181,-0.0669
VENHQS1DQy1BN0lJOmxpaGNfdGNnYV9wYW5fY2FuX2F0bGFzXzIwMTg,0.7056,1.5999,1.8577,1.3951,1.9964,2.4599,1.7277,1.6695,2.0649,1.5187,1.4459,2.3625,1.9639,1.1189,3.4998,1.0717,1.7519,1.8233,1.3011,1.8142
VENHQS1DQy1BN0lKOmxpaGNfdGNnYV9wYW5fY2FuX2F0bGFzXzIwMTg,0.6853,1.0046,1.8026,1.9446,1.6957,1.9389,1.7915,1.8676,1.3297,1.9949,1.69,1.3401,0.8461,1.8644,1.448,1.8349,2.1688,2.7265,1.2618,1.6885
VENHQS1DQy1BN0lLOmxpaGNfdGNnYV9wYW5fY2FuX2F0bGFzXzIwMTg,1.3788,0.447,0.4259,1.4936,0.8273,0.8009,0.4079,0.7958,0.6144,1.051,0.722,0.5011,0.9479,0.8232,0.1887,1.1926,-0.2076,2.0191,1.3959,1.3944
VENHQS1DQy1BN0lMOmxpaGNfdGNnYV9wYW5fY2FuX2F0bGFzXzIwMTg,-0.4213,0.3778,-0.5698,0.1424,0.0089,0.0528,0.1361,-0.0831,0.0765,-0.3529,-0.3012,0.6398,-0.4284,-0.0606,-0.506,-0.2825,-0.6617,-0.3618,0.08,-0.296
VENHQS1DQy1BNVVDOmxpaGNfdGNnYV9wYW5fY2FuX2F0bGFzXzIwMTg,1.2894,1.3057,1.2073,1.16,0.9844,1.8569,1.0184,1.633,1.5969,1.4664,0.57,1.2164,0.8101,1.16,0.6047,0.9318,0.6843,1.218,1.1692,1.1611
VENHQS1DQy1BNVVEOmxpaGNfdGNnYV9wYW5fY2FuX2F0bGFzXzIwMTg,0.9714,1.2208,1.5927,1.3513,1.1179,1.2896,1.3786,1.3971,1.6108,0.8115,1.5201,1.2207,0.7579,1.6253,0.8969,0.5873,1.7581,2.2492,1.3582,1.1075
VENHQS1DQy1BNVVFOmxpaGNfdGNnYV9wYW5fY2FuX2F0bGFzXzIwMTg,0.8893,0.9149,0.7452,1.4528,1.3806,1.4796,1.2879,0.9703,1.208,1.0339,0.8204,0.2562,0.6715,1.1228,1.0026,0.2036,0.3319,1.2444,1.1999,1.4862
VENHQS1DQy1BOEhUOmxpaGNfdGNnYV9wYW5fY2FuX2F0bGFzXzIwMTg,1.3615,2.0121,1.0832,1.5698,1.9553,1.8027,1.5631,0.8072,0.9835,2.139,0.7393,0.6411,1.203,0.8636,1.1789,1.1337,0.3629,1.4384,1.1339,1.7575
VENHQS1DQy1BOEhVOmxpaGNfdGNnYV9wYW5fY2FuX2F0bGFzXzIwMTg,0.5987,1.4581,1.3098,0.8802,0.98,0.6995,1.1073,1.2969,0.8544,0.2078,1.4379,1.7286,0.98,1.6051,2.084,0.9516,2.2489,1.4625,1.2987,1.4167
VENHQS1DQy1BOEhWOmxpaGNfdGNnYV9wYW5fY2FuX2F0bGFzXzIwMTg,0.8744,0.1569,0.9082,0.2374,0.3867,0.5794,0.1371,0.8854,-0.5452,0.843,0.4144,0.4446,-0.4984,1.1665,0.9536,0.9543,0.3729,0.057,0.8532,1.1535
VENHQS1DQy1BOUZTOmxpaGNfdGNnYV9wYW5fY2FuX2F0bGFzXzIwMTg,0.5342,2.1138,-0.1291,0.0331,-0.1005,0.1613,-0.1782,0.3316,0.7995,-0.3685,-0.1324,0.1014,1.2545,0.4419,0.1484,0.1968,-0.9584,0.191,-0.2055,-0.3104
VENHQS1DQy1BOUZVOmxpaGNfdGNnYV9wYW5fY2FuX2F0bGFzXzIwMTg,1.176,1.2215,1.459,0.9493,1.1839,1.0605,1.141,1.3392,0.4974,0.8289,1.3679,0.7559,1.4483,0.7901,1.6163,1.2356,0.789,0.7427,1.177,1.3548
VENHQS1DQy1BOUZWOmxpaGNfdGNnYV9wYW5fY2FuX2F0bGFzXzIwMTg,-3.124,-1.8936,-1.9484,-1.0723,-1.5189,-1.515,-1.718,-1.2957,-1.3228,-0.7123,-1.0462,-0.2987,-0.5747,0.3205,-1.3031,-1.4387,-1.3243,-1.0462,-1.3429,-1.6711
VENHQS1DQy1BOUZXOmxpaGNfdGNnYV9wYW5fY2FuX2F0bGFzXzIwMTg,0.1962,0.5029,0.9333,0.3021,0.0143,0.4448,-0.0731,0.4166,0.538,0.0395,-0.385,-0.4768,0.1282,0.3556,0.2509,-0.1044,0.4597,0.2472,0.2355,0.3184
VENHQS1ERC1BM0E0OmxpaGNfdGNnYV9wYW5fY2FuX2F0bGFzXzIwMTg,-1.6851,1.175,-2.1411,-1.0589,-1.4651,-1.2553,-1.2348,-1.0821,-1.1498,-1.3307,-1.349,-1.7534,-0.7122,-0.7761,-2.0416,-0.0783,-1.069,-0.833,-1.2987,-1.0769
VENHQS1ERC1BM0E1OmxpaGNfdGNnYV9wYW5fY2FuX2F0bGFzXzIwMTg,-0.1474,0.0076,0.3615,0.2132,-0.1984,0.1239,0.434,0.2321,0.2979,-0.5257,0.5173,-0.5373,-0.1531,-0.006,1.0368,0.0774,-0.1053,-0.1633,-0.0566,0.1894
VENHQS1ERC1BM0E2OmxpaGNfdGNnYV9wYW5fY2FuX2F0bGFzXzIwMTg,-1.7335,-2.2462,-0.4363,-0.9292,-1.2151,-1.1513,-1.0204,-1.9559,-2.2579,-1.6324,-1.4298,-1.69,-2.1978,-0.654,-1.9287,-0.5884,-2.4175,-1.5752,-1.2757,-1.3954
VENHQS1ERC1BM0E3OmxpaGNfdGNnYV9wYW5fY2FuX2F0bGFzXzIwMTg,-0.0881,0.5401,0.5991,0.0043,-0.1505,0.5816,0.0848,0.114,0.1582,-0.3962,-0.5469,-1.2735,-2.3048,-0.8313,-0.327,0.5591,-1.725,0.3068,0.1596,-0.2182
VENHQS1ERC1BM0E4OmxpaGNfdGNnYV9wYW5fY2FuX2F0bGFzXzIwMTg,-1.2805,-1.0848,-0.5691,-1.1393,-1.9323,-1.7418,-0.6558,-0.8403,-0.9703,-1.0662,-0.6426,-0.3675,-0.6501,-0.4811,-1.0011,-1.5518,-0.1403,-0.1524,-0.9206,-1.5473
VENHQS1ERC1BM0E5OmxpaGNfdGNnYV9wYW5fY2FuX2F0bGFzXzIwMTg,-0.8988,-0.9714,-0.9222,-1.0215,-0.9416,-0.5063,-0.1322,-0.5016,-0.4206,-1.079,-0.1629,0.184,-1.388,-0.3034,-0.1179,-0.5639,-0.466,-0.752,-0.8278,-0.7899
VENHQS1ERC1BM0ExOmxpaGNfdGNnYV9wYW5fY2FuX2F0bGFzXzIwMTg,-0.9134,-1.0807,0.3262,-0.5668,-0.8776,0.0775,-0.6531,-0.3987,-0.4829,-0.572,-0.4659,-0.7206,-1.1736,-0.439,-0.2905,-0.4608,-0.1777,-0.8355,-0.7533,-0.2372
VENHQS1ERC1BM0EyOmxpaGNfdGNnYV9wYW5fY2FuX2F0bGFzXzIwMTg,-0.9085,-1.7368,-1.6459,-1.7572,-2.126,-2.0578,-2.3413,-1.6954,-1.7729,-1.9093,-1.4352,-1.5172,-0.7779,-1.3382,-0.6884,-2.0193,-1.6084,-1.9372,-2.1146,-1.884
VENHQS1ERC1BM0EzOmxpaGNfdGNnYV9wYW5fY2FuX2F0bGFzXzIwMTg,0.2318,-0.0077,0.4156,-0.2728,-0.2953,0.7236,0.4075,0.2921,0.2581,0.0014,-0.6143,-1.0412,-0.2265,-0.6821,-1.0125,-0.3613,-1.5665,-0.3073,-0.0342,0.4272
VENHQS1ERC1BMTE0OmxpaGNfdGNnYV9wYW5fY2FuX2F0bGFzXzIwMTg,1.3746,0.5553,0.8688,1.5439,1.0496,0.9231,0.7506,0.7175,1.3795,1.0328,1.7625,2.047,1.7484,2.0428,1.0079,1.7755,1.2406,1.715,0.9587,0.6772
VENHQS1ERC1BMTE1OmxpaGNfdGNnYV9wYW5fY2FuX2F0bGFzXzIwMTg,0.9124,0.6649,-0.2535,0.6798,0.4242,0.8113,0.8267,0.669,0.9736,0.9445,0.2198,-0.202,0.041,-0.3591,0.5624,0.6363,0.178,0.672,0.5865,0.7956
VENHQS1ERC1BMTE2OmxpaGNfdGNnYV9wYW5fY2FuX2F0bGFzXzIwMTg,-0.5303,0.0549,0.0714,-0.3084,-0.3787,-0.1451,0.2905,-0.6542,0.3411,-1.1295,-0.128,-0.2229,-1.2064,0.3543,0.0436,-0.5183,0.4275,0.5386,-0.7185,0.1032
VENHQS1ERC1BMTE4OmxpaGNfdGNnYV9wYW5fY2FuX2F0bGFzXzIwMTg,-0.2443,1.676,-0.5546,-0.1267,-0.1529,0.3602,0.0289,-0.5567,-0.4482,-0.0872,-0.3896,-0.3374,-0.4432,-0.7422,-1.2038,0.029,-0.6962,-0.1921,-0.1312,-0.3409
VENHQS1ERC1BMTE5OmxpaGNfdGNnYV9wYW5fY2FuX2F0bGFzXzIwMTg,-0.6269,-0.2521,-0.2659,-0.6186,-0.9255,-0.4364,-1.0428,-0.3497,-0.5566,-0.9359,-1.3065,-0.9458,-0.7529,-1.5746,-1.5842,-1.1221,0.347,-0.7446,-0.9078,-0.4615
VENHQS1ERC1BMTEzOmxpaGNfdGNnYV9wYW5fY2FuX2F0bGFzXzIwMTg,0.7541,0.2913,0.7597,1.1196,0.7606,0.5697,0.3988,0.7186,0.5254,0.841,0.914,0.9381,1.4663,1.7908,-0.2706,0.9843,0.6668,0.8142,0.9877,0.6647
VENHQS1ERC1BMTFBOmxpaGNfdGNnYV9wYW5fY2FuX2F0bGFzXzIwMTg,-0.0073,0.7722,-0.2815,0.4526,-0.1451,-0.4877,-0.132,0.2781,-0.0921,-0.211,0.1847,0.2052,0.6087,-0.427,-0.1308,-0.2412,-0.2621,-0.0078,0.8136,0.5826
VENHQS1ERC1BMTFCOmxpaGNfdGNnYV9wYW5fY2FuX2F0bGFzXzIwMTg,0.188,0.8898,-0.5095,-0.2923,-0.2513,-0.4361,-0.3996,-0.0154,-0.3861,-0.3214,-0.917,-0.9038,-0.3593,-0.4461,-1.1472,-0.0096,0.0681,-0.298,-0.1642,0.02
VENHQS1ERC1BMTFDOmxpaGNfdGNnYV9wYW5fY2FuX2F0bGFzXzIwMTg,1.2997,1.7615,0.2399,0.6262,0.8417,0.4607,0.8396,0.3247,-0.1054,0.602,1.3416,0.5616,1.3,0.6993,0.6111,0.7617,0.2602,0.847,1.1165,0.5605
VENHQS1ERC1BMTFEOmxpaGNfdGNnYV9wYW5fY2FuX2F0bGFzXzIwMTg,-0.6789,-0.3818,-1.4068,-0.9904,-1.1427,-0.8021,-0.6693,-1.1856,-1.2119,-0.8191,-2.0105,-1.4538,-1.3733,-1.3421,-0.807,-0.6696,-1.1285,-1.17,-0.8164,-0.8732
VENHQS1ERC1BMUVBOmxpaGNfdGNnYV9wYW5fY2FuX2F0bGFzXzIwMTg,0.7461,-0.672,-0.9134,0.2955,-0.3189,0.0538,0.0175,-0.217,-0.213,0.4424,-0.3353,-1.2458,-0.0294,-0.26,-1.1528,0.5833,-0.4098,0.2638,0.5296,0.1512
VENHQS1ERC1BMUVCOmxpaGNfdGNnYV9wYW5fY2FuX2F0bGFzXzIwMTg,0.3138,-0.9693,-1.6717,-0.9782,-1.2483,-1.2956,-1.4361,-1.6923,-1.0934,-1.2173,-0.4633,-0.7026,-0.2181,-0.9373,-0.9407,-0.7582,-1.5192,-1.0663,-0.9453,-0.7266
VENHQS1ERC1BMUVDOmxpaGNfdGNnYV9wYW5fY2FuX2F0bGFzXzIwMTg,-0.2571,0.2156,-0.1799,0.4309,0.0317,-0.0079,-0.295,0.1024,-0.3137,0.7186,-0.3068,-0.1537,0.6585,0.1243,0.0199,0.5232,0.2977,-0.2375,0.0868,-0.3981
VENHQS1ERC1BMUVEOmxpaGNfdGNnYV9wYW5fY2FuX2F0bGFzXzIwMTg,-2.8371,-1.8333,-2.1065,-2.6657,-2.576,-2.7474,-2.4572,-2.2882,-2.7169,-2.2047,-2.3556,-1.5645,-1.309,-2.1289,-1.8554,-2.4375,-0.9726,-1.4989,-2.0752,-2.3592
VENHQS1ERC1BMUVFOmxpaGNfdGNnYV9wYW5fY2FuX2F0bGFzXzIwMTg,0.7491,-0.6748,-0.2727,0.3485,0.1708,-0.1807,-0.1007,-0.2439,-0.0454,-0.0225,-0.1379,-0.1282,0.4957,-0.0868,-0.1904,-0.1694,-0.0409,0.3978,0.0027,-0.5002
VENHQS1ERC1BMUVGOmxpaGNfdGNnYV9wYW5fY2FuX2F0bGFzXzIwMTg,0.6376,-0.0062,0.3984,0.3318,0.5635,0.0989,-0.3134,-0.0544,-0.2767,0.4144,1.0741,-0.2055,1.4501,0.8588,0.4116,0.533,-0.8466,0.0251,0.2128,0.094
VENHQS1ERC1BMUVHOmxpaGNfdGNnYV9wYW5fY2FuX2F0bGFzXzIwMTg,0.1039,-0.3962,0.1404,0.4419,0.447,0.1872,0.2222,0.2513,0.0656,-0.3909,0.4459,0.5062,1.2738,0.4796,0.5815,-0.2079,0.5574,-0.3329,-0.0305,0.1047
VENHQS1ERC1BMUVIOmxpaGNfdGNnYV9wYW5fY2FuX2F0bGFzXzIwMTg,1.2887,-0.0548,-0.5011,0.8143,0.7857,0.1239,0.613,0.2534,0.7468,0.4147,-0.2986,0.5745,-0.1015,0.4119,-0.3981,1.089,-0.6896,0.2264,0.7246,-0.0614
VENHQS1ERC1BMUVJOmxpaGNfdGNnYV9wYW5fY2FuX2F0bGFzXzIwMTg,0.5344,-0.5206,0.0824,0.3839,0.6028,0.4636,0.0678,0.2799,0.2488,0.3956,0.3867,-0.3217,0.7103,0.8125,0.6373,-0.0223,-0.6357,0.3216,0.5204,0.5733
VENHQS1ERC1BMUVKOmxpaGNfdGNnYV9wYW5fY2FuX2F0bGFzXzIwMTg,0.0757,0.068,0.4509,0.538,0.7844,0.7336,0.3541,0.5973,0.0872,1.0561,1.089,0.2632,-0.2557,0.9194,0.9232,0.2123,0.272,0.6856,0.8043,0.7857
VENHQS1ERC1BMUVLOmxpaGNfdGNnYV9wYW5fY2FuX2F0bGFzXzIwMTg,-0.2733,-0.8854,-0.8704,-0.0002,-0.4107,-0.1062,0.0314,-0.3595,-0.0949,-0.1549,-0.2664,-1.0453,-0.3662,-0.6814,-1.1724,0.1913,-1.3841,-0.9425,-0.3857,-0.7423
VENHQS1ERC1BMUVMOmxpaGNfdGNnYV9wYW5fY2FuX2F0bGFzXzIwMTg,1.1052,0.9621,0.8574,1.134,0.9585,1.1215,0.4113,1.0906,0.9136,0.8151,0.8649,0.9454,1.7039,0.8268,0.3328,0.5971,1.319,1.8837,1.0054,1.4388
VENHQS1ERC1BMzlWOmxpaGNfdGNnYV9wYW5fY2FuX2F0bGFzXzIwMTg,0.1527,-0.8758,0.3295,-0.6164,-0.8266,0.1918,0.2505,-0.1993,-0.047,-0.4645,-0.5278,-0.7606,-1.3525,-0.4292,0.7511,-0.1992,0.9595,0.2071,-0.7621,-0.2724
VENHQS1ERC1BMzlXOmxpaGNfdGNnYV9wYW5fY2FuX2F0bGFzXzIwMTg,-0.4353,-1.9591,-0.6714,-0.8165,-0.6016,-1.1451,-0.7989,-1.4719,-1.0469,-0.8794,-0.5523,-0.9549,-0.8137,0.12,-1.0383,-0.7566,-1.2817,-0.7021,-0.8788,-0.614
VENHQS1ERC1BMzlYOmxpaGNfdGNnYV9wYW5fY2FuX2F0bGFzXzIwMTg,-0.979,-0.2801,0.4189,-0.5165,-0.8727,0.1,-0.0778,-0.8462,0.3755,-1.0174,-0.099,-0.4261,-0.9179,-0.4795,-0.8466,-0.4933,-0.2698,-0.9912,-0.8021,-1.0962
VENHQS1ERC1BMzlZOmxpaGNfdGNnYV9wYW5fY2FuX2F0bGFzXzIwMTg,0.3719,0.6536,0.6128,0.958,0.894,1.9772,0.9679,0.6261,0.7982,-0.0198,0.9875,0.8657,0.9908,0.4019,0.9571,0.5719,-0.2909,0.3782,0.4397,1.1198
VENHQS1ERC1BMzlaOmxpaGNfdGNnYV9wYW5fY2FuX2F0bGFzXzIwMTg,0.0953,-0.472,0.777,-0.1432,-0.0628,0.1967,-0.1974,0.5419,0.3593,0.1577,-0.6961,0.2096,-0.9477,-0.4882,0.6856,0.1368,-0.022,-0.7064,-0.2596,-0.483
VENHQS1ERC1BNE5BOmxpaGNfdGNnYV9wYW5fY2FuX2F0bGFzXzIwMTg,-0.463,0.0925,-0.5235,0.3015,0.3631,-0.5263,-0.2879,0.1522,1.1303,0.5577,-0.8956,0.0973,0.5528,-1.1884,-1.499,0.3795,-0.5032,-0.1208,0.393,-0.2622
VENHQS1ERC1BNE5COmxpaGNfdGNnYV9wYW5fY2FuX2F0bGFzXzIwMTg,-1.1849,-0.5504,-1.6263,-0.8394,-0.9595,-1.0921,-1.4507,-0.7708,-1.6881,-0.2644,-1.4249,-1.0457,-0.8514,-1.0941,-1.9107,-0.5864,-1.2072,-0.5012,-1.0764,-0.9107
VENHQS1ERC1BNE5EOmxpaGNfdGNnYV9wYW5fY2FuX2F0bGFzXzIwMTg,0.6568,0.0893,0.3302,0.2891,0.5231,0.938,0.3118,0.6395,1.1029,0.7962,0.1243,-0.1485,0.6104,0.0741,-0.8545,0.805,0.0267,0.5521,0.9946,0.6998
VENHQS1ERC1BNE5FOmxpaGNfdGNnYV9wYW5fY2FuX2F0bGFzXzIwMTg,1.5459,1.3477,1.1581,1.5258,1.3977,1.5725,1.6347,1.7487,1.3852,2.2498,1.1165,2.1861,1.1501,1.544,0.519,1.4466,0.7761,1.5416,1.55,1.5083
VENHQS1ERC1BNE5GOmxpaGNfdGNnYV9wYW5fY2FuX2F0bGFzXzIwMTg,-1.5656,-0.4039,-2.845,-2.3211,-2.2678,-2.3786,-2.5711,-1.9552,-2.9764,-2.0515,-1.6836,1.3186,-0.9012,-0.9771,-1.4618,-2.182,-0.573,0.8562,-1.8931,-1.2141
VENHQS1ERC1BNE5HOmxpaGNfdGNnYV9wYW5fY2FuX2F0bGFzXzIwMTg,0.4491,-0.3914,-0.2025,0.0845,0.1235,-0.5358,-0.3234,0.2859,-0.1295,0.0515,-0.6626,-0.1423,-1.3733,-0.9228,-0.2047,-0.1049,0.3364,-0.2805,-0.2245,-0.5656
VENHQS1ERC1BNE5IOmxpaGNfdGNnYV9wYW5fY2FuX2F0bGFzXzIwMTg,1.115,0.1832,0.3037,0.6609,0.9686,0.5533,0.5133,0.8251,0.2773,0.8124,0.5527,1.2747,0.6993,0.941,-0.1298,1.1047,0.12,1.1915,0.5139,0.2502
VENHQS1ERC1BNE5JOmxpaGNfdGNnYV9wYW5fY2FuX2F0bGFzXzIwMTg,-1.14,-1.0482,-1.3144,-1.3631,-1.0092,-1.8482,-2.072,-1.1238,-1.8462,-0.9755,-1.5259,-1.2869,-1.0192,-1.5725,-0.6986,-1.3447,-0.8641,-1.5384,-1.2403,-1.3471
VENHQS1ERC1BNE5KOmxpaGNfdGNnYV9wYW5fY2FuX2F0bGFzXzIwMTg,1.1536,0.687,0.2983,0.9929,1.1661,0.7585,0.6917,0.7584,0.7045,1.2662,1.0547,1.3159,1.0481,0.9462,0.6794,1.4099,1.5795,1.0331,1.3545,0.3785
VENHQS1ERC1BNE5LOmxpaGNfdGNnYV9wYW5fY2FuX2F0bGFzXzIwMTg,-0.6738,-1.7789,-1.2173,-0.7611,-1.2011,-1.2297,-1.2849,-1.1732,-1.4437,-0.7719,-1.2125,-1.2372,-0.3888,-1.2683,-0.1915,-1.0603,-1.3868,-1.4506,-1.6583,-1.6563
VENHQS1ERC1BNE5MOmxpaGNfdGNnYV9wYW5fY2FuX2F0bGFzXzIwMTg,-1.6152,-1.9867,-1.7563,-1.8834,-1.7754,-1.6742,-1.7583,-1.5432,-2.4408,-1.3564,-2.1384,-1.5727,-1.3776,-2.3196,-1.8762,-1.3648,-1.0411,-2.1938,-1.554,-1.6931
VENHQS1ERC1BNE5OOmxpaGNfdGNnYV9wYW5fY2FuX2F0bGFzXzIwMTg,1.2318,0.8347,1.6944,1.0226,0.9367,1.2417,1.2121,1.0974,1.1366,0.2762,0.9512,1.2081,0.8964,0.3416,0.9669,0.5973,1.3403,0.9497,0.9245,0.4756
VENHQS1ERC1BNE5POmxpaGNfdGNnYV9wYW5fY2FuX2F0bGFzXzIwMTg,-0.1246,0.6266,-1.1622,-0.7999,-1.0432,-0.8797,-1.0914,-0.7261,-1.0893,-1.3364,-1.4371,-1.3224,0.1336,-0.2609,-1.2335,-0.9014,-1.8938,-1.7057,-0.7557,-0.7288
VENHQS1ERC1BNE5QOmxpaGNfdGNnYV9wYW5fY2FuX2F0bGFzXzIwMTg,-3.4496,-1.8231,-1.8066,-2.8365,-2.6519,-2.6995,-2.3397,-2.9772,-2.8788,-2.3635,-1.7805,-1.2909,-1.6978,-1.4247,-1.578,-2.9053,-1.0257,-1.3234,-2.7164,-2.5498
VENHQS1ERC1BNE5ROmxpaGNfdGNnYV9wYW5fY2FuX2F0bGFzXzIwMTg,1.2159,2.0098,0.4414,1.2317,0.6501,1.0626,0.2181,1.3635,1.32,1.2402,0.1521,0.3054,1.1158,0.5816,0.4125,0.8814,0.078,1.1479,0.9913,1.0489
VENHQS1ERC1BNE5SOmxpaGNfdGNnYV9wYW5fY2FuX2F0bGFzXzIwMTg,0.6326,1.0733,1.2244,0.847,0.8942,0.8091,0.7075,0.7766,0.3639,1.1135,0.2856,0.0876,0.4812,0.2535,0.2969,1.1582,0.6661,0.8923,0.595,0.6925
VENHQS1ERC1BNE5TOmxpaGNfdGNnYV9wYW5fY2FuX2F0bGFzXzIwMTg,-0.9426,-1.8555,-1.0202,-0.8126,-0.8119,-1.4551,-1.354,-1.1169,-1.4268,-0.5629,-0.4537,-0.0584,-0.087,-0.4851,-0.2952,-0.902,-0.839,-1.1713,-0.7825,-0.8865
VENHQS1ERC1BNE5WOmxpaGNfdGNnYV9wYW5fY2FuX2F0bGFzXzIwMTg,-0.8702,-0.4477,-1.5532,-1.3162,-1.1535,-0.9809,-1.1838,-1.2738,-1.8099,-0.8927,-0.5949,-1.3298,-1.0801,-1.1281,-0.0851,-1.1219,-0.218,-1.494,-1.3209,-0.7499
VENHQS1ERC1BNzNBOmxpaGNfdGNnYV9wYW5fY2FuX2F0bGFzXzIwMTg,-0.63,-0.9727,-0.8481,-0.3209,-0.0861,-0.4583,-0.4246,-0.0892,-0.5901,-0.1201,-0.1592,-0.6461,-0.5376,-0.6218,-0.5097,-0.2285,-0.4081,-0.703,-0.0676,-0.0994
VENHQS1ERC1BNzNCOmxpaGNfdGNnYV9wYW5fY2FuX2F0bGFzXzIwMTg,0.703,0.8195,0.4084,0.7588,0.3063,0.8831,0.5623,1.2796,1.3259,0.9263,1.1021,1.3526,0.4713,0.6101,0.5409,1.6276,1.5401,0.9354,1.5397,1.1602
VENHQS1ERC1BNzNDOmxpaGNfdGNnYV9wYW5fY2FuX2F0bGFzXzIwMTg,0.931,-1.5191,-1.3296,-0.8642,-0.8002,-1.2035,-1.1889,-1.251,-1.6887,-0.5337,-1.028,-1.0288,-0.1294,-1.2655,-0.7379,-0.8282,-1.6608,-0.966,-0.6859,-0.9744
VENHQS1ERC1BNzNEOmxpaGNfdGNnYV9wYW5fY2FuX2F0bGFzXzIwMTg,-0.8321,-0.5832,-0.4373,-0.6631,-0.9479,-1.4833,-0.9468,-0.8107,-0.9929,-0.8127,-0.5795,0.2941,-1.0558,-0.0943,-1.1662,-1.7922,-0.3889,0.6862,-0.1962,-0.9216
VENHQS1ERC1BNzNFOmxpaGNfdGNnYV9wYW5fY2FuX2F0bGFzXzIwMTg,-0.7535,-0.6859,-1.1763,-0.3696,-0.4706,-0.6698,-0.6297,-1.021,-1.0849,-0.4069,0.1695,2.4698,-1.7566,0.4444,-0.0506,-1.1174,-0.286,0.6586,-0.5678,-1.1689
VENHQS1ERC1BNzNGOmxpaGNfdGNnYV9wYW5fY2FuX2F0bGFzXzIwMTg,1.0596,1.1447,1.111,0.5931,0.817,0.7812,0.8301,0.8251,0.2468,1.393,0.5282,-0.0851,0.2334,0.5591,0.4733,1.1129,0.113,0.4675,0.8129,0.8028
VENHQS1ERC1BNzNHOmxpaGNfdGNnYV9wYW5fY2FuX2F0bGFzXzIwMTg,-0.5566,0.8798,1.1258,-0.4648,-0.9296,0.7915,0.7137,0.2787,0.0951,-0.9954,-0.704,-0.6903,-1.8395,-1.0614,0.9315,0.5102,-1.5194,-0.898,-1.1285,-0.8909
VENHQS1ERC1BQTNBOmxpaGNfdGNnYV9wYW5fY2FuX2F0bGFzXzIwMTg,0.8668,0.1391,1.1149,1.4657,1.2996,1.5491,1.3305,0.6671,-0.6439,1.2428,1.652,2.1312,1.0829,1.7097,0.8997,1.1381,0.3181,0.8684,1.0044,0.5512
VENHQS1ERC1BQUM4OmxpaGNfdGNnYV9wYW5fY2FuX2F0bGFzXzIwMTg,-0.6409,-0.3715,-0.738,-1.0138,-1.2195,-0.5727,-1.0501,-0.8024,-0.5971,-1.3223,0.0454,-0.3789,-0.1304,0.1016,-0.6739,-0.9854,0.0879,0.1452,-0.8966,-1.3496
VENHQS1ERC1BQUM5OmxpaGNfdGNnYV9wYW5fY2FuX2F0bGFzXzIwMTg,-0.8762,-1.3036,-0.9434,-1.085,-1.4442,-0.9609,-0.7542,-1.1342,-0.7498,-1.438,-1.1355,-1.0636,-1.5383,0.0536,-0.6792,-0.97,-0.7612,-1.4288,-1.0706,-0.8708
VENHQS1ERC1BQUNBOmxpaGNfdGNnYV9wYW5fY2FuX2F0bGFzXzIwMTg,0.1305,0.2279,0.0777,0.5983,0.7246,0.3342,0.5581,0.5142,1.2326,0.7491,0.4636,0.1319,0.621,0.7489,0.9787,0.6156,0.7772,1.6253,0.9879,0.5963
VENHQS1ERC1BQUNCOmxpaGNfdGNnYV9wYW5fY2FuX2F0bGFzXzIwMTg,0.1874,0.1976,1.1586,0.4288,0.3888,0.5105,0.8383,0.5753,0.7868,0.0249,0.2364,1.0241,0.5765,0.155,-0.736,0.0411,0.6764,0.6112,0.3481,0.2147
VENHQS1ERC1BQUNDOmxpaGNfdGNnYV9wYW5fY2FuX2F0bGFzXzIwMTg,0.2277,1.6626,0.6738,0.2807,-0.0393,0.4632,0.7392,0.6006,0.6564,0.0193,0.209,-0.1075,-0.373,0.3848,0.2453,0.3202,0.0705,0.1888,0.2235,0.3373
VENHQS1ERC1BQUNEOmxpaGNfdGNnYV9wYW5fY2FuX2F0bGFzXzIwMTg,-0.9722,-0.2799,0.5346,-0.6027,-1.2426,-0.4561,-0.3532,-0.4953,-0.0365,-0.4398,-1.3895,-0.0972,-1.2873,-0.7727,-0.4033,-0.1822,-0.4962,-0.3253,-0.7714,-0.8671
VENHQS1ERC1BQUNFOmxpaGNfdGNnYV9wYW5fY2FuX2F0bGFzXzIwMTg,-0.3044,-0.8128,-1.411,-1.1217,-0.4176,-0.761,-0.3156,-1.0033,-1.4908,-0.7717,-0.1741,0.4022,-0.1525,-1.598,-0.1938,-0.3791,-0.9054,-0.9785,-0.1234,-0.7161
VENHQS1ERC1BQUNGOmxpaGNfdGNnYV9wYW5fY2FuX2F0bGFzXzIwMTg,0.5035,1.7475,0.411,0.6132,0.1915,0.6497,-0.2728,0.6349,1.1072,-0.0463,1.0609,1.4138,0.8402,1.5812,2.233,0.7942,1.7214,0.5515,0.2658,0.239
VENHQS1ERC1BQUNHOmxpaGNfdGNnYV9wYW5fY2FuX2F0bGFzXzIwMTg,0.7338,0.6684,0.9522,0.6154,0.2328,0.9956,1.0991,0.6862,0.9411,-0.2964,0.4929,-0.1904,-0.0424,0.5091,1.3681,0.1448,1.1675,0.2997,0.552,1.1031
VENHQS1ERC1BQUNIOmxpaGNfdGNnYV9wYW5fY2FuX2F0bGFzXzIwMTg,1.6218,1.2853,0.6988,1.5125,1.6022,1.2192,0.4842,0.9835,1.4488,1.7761,2.0101,1.9614,1.8874,2.4065,1.5369,1.4577,2.9148,1.6198,1.2349,0.6744
VENHQS1ERC1BQUNJOmxpaGNfdGNnYV9wYW5fY2FuX2F0bGFzXzIwMTg,-0.6952,-0.7779,-0.0382,-0.3051,-1.0696,-0.6012,-0.3639,-0.7153,0.1472,-1.1049,-1.3092,-0.8391,-2.4559,-0.5678,-0.8662,-0.9931,-0.0045,-1.3352,-1.1011,-1.1385
VENHQS1ERC1BQUNKOmxpaGNfdGNnYV9wYW5fY2FuX2F0bGFzXzIwMTg,-1.4995,-1.4269,-1.6807,-2.0119,-1.9067,-1.3836,-1.1808,-2.2517,-1.2136,-1.5231,-1.6054,-0.9564,-1.0449,-1.3234,-1.268,-1.9185,-0.6079,-1.4472,-1.4668,-1.0991
VENHQS1ERC1BQUNLOmxpaGNfdGNnYV9wYW5fY2FuX2F0bGFzXzIwMTg,-0.1266,-0.6424,-0.0295,0.0942,0.2582,0.1699,0.0297,-0.0559,0.1597,0.4926,0.0947,-0.1826,0.3969,0.6042,0.0241,0.1993,0.1216,-0.2186,0.2014,0.2661
VENHQS1ERC1BQUNMOmxpaGNfdGNnYV9wYW5fY2FuX2F0bGFzXzIwMTg,0.8186,1.2995,1.4409,1.1976,0.8262,1.9931,0.9745,1.2117,1.6407,1.5712,1.5468,0.7652,0.6346,1.1728,1.9974,1.3182,0.1239,1.001,0.9932,1.3033
VENHQS1ERC1BQUNOOmxpaGNfdGNnYV9wYW5fY2FuX2F0bGFzXzIwMTg,-0.5052,-1.0919,-0.5424,-1.0318,-0.3521,-1.442,-0.6323,-1.0808,-1.0398,-1.018,-0.4119,-0.0583,0.0306,-0.9771,-0.3046,-0.398,-0.6648,-1.0019,-0.5662,-0.2678
VENHQS1ERC1BQUNPOmxpaGNfdGNnYV9wYW5fY2FuX2F0bGFzXzIwMTg,-0.3034,0.1998,0.6778,-0.4342,-0.755,0.2192,0.5397,-0.095,0.5947,-0.7924,0.2406,0.665,-2.0915,1.2299,1.0321,-0.1347,0.8587,-0.2953,-0.15,-0.2177
VENHQS1ERC1BQUNQOmxpaGNfdGNnYV9wYW5fY2FuX2F0bGFzXzIwMTg,1.0028,1.5673,2.0644,1.3483,1.8122,1.7975,1.826,1.4765,2.4582,0.9942,1.4904,1.0473,0.8934,1.7121,2.3519,1.6426,1.9234,1.3054,1.1803,1.4581
VENHQS1ERC1BQUNROmxpaGNfdGNnYV9wYW5fY2FuX2F0bGFzXzIwMTg,-0.2438,-0.6873,-0.4186,-0.4024,-0.1403,-0.4423,-0.1033,-1.2496,-0.4414,-0.1645,1.1148,0.8593,0.3561,0.3521,0.3246,-0.9256,-0.3485,-0.3006,-0.2427,-0.1755
VENHQS1ERC1BQUNTOmxpaGNfdGNnYV9wYW5fY2FuX2F0bGFzXzIwMTg,1.005,2.9359,0.5717,0.3837,0.7581,-0.3509,0.0242,0.7221,0.1749,0.4138,1.6558,1.1732,1.6346,1.8582,1.4397,0.6671,0.9194,0.5946,1.2092,0.3624
VENHQS1ERC1BQUNUOmxpaGNfdGNnYV9wYW5fY2FuX2F0bGFzXzIwMTg,0.6376,-0.7497,-0.3431,-0.193,-0.6181,-0.2022,-0.2349,-0.0809,-0.2027,-0.2784,-0.6212,-0.682,-0.5234,-0.815,-0.6293,-0.5696,0.2589,-0.7808,-0.3604,-1.2994
VENHQS1ERC1BQUNVOmxpaGNfdGNnYV9wYW5fY2FuX2F0bGFzXzIwMTg,-0.803,-0.84,-0.6488,-0.2271,-0.245,-0.363,-0.3278,-0.9352,-0.2373,-0.4394,0.3959,-0.5055,0.1675,-0.0925,-0.1388,-0.6247,-0.5509,-0.7565,-0.3683,-0.3347
VENHQS1ERC1BQUNWOmxpaGNfdGNnYV9wYW5fY2FuX2F0bGFzXzIwMTg,1.6035,1.079,1.4085,1.4463,1.6636,1.2973,1.3821,0.9809,1.1152,0.9978,1.6172,0.9145,1.4721,1.0448,1.7644,1.1452,1.5179,1.7258,1.6686,1.5879
VENHQS1ERC1BQUNXOmxpaGNfdGNnYV9wYW5fY2FuX2F0bGFzXzIwMTg,1.0034,0.2249,1.0909,0.8046,0.7178,0.9598,1.143,0.9706,0.8159,0.2494,1.1459,0.8056,0.8327,0.922,1.1437,0.4898,0.1847,0.4117,0.7672,1.1502
VENHQS1ERC1BQUNYOmxpaGNfdGNnYV9wYW5fY2FuX2F0bGFzXzIwMTg,1.114,0.4131,0.3729,0.5502,0.9336,0.4289,0.5556,0.4544,0.3748,0.9933,0.277,-0.2715,0.4442,0.2423,-0.2931,0.7751,-0.4414,0.884,0.9447,0.6271
VENHQS1ERC1BQUNZOmxpaGNfdGNnYV9wYW5fY2FuX2F0bGFzXzIwMTg,-1.5964,-0.4206,-0.9028,-1.1624,-1.4946,-1.2147,-1.9407,-1.6186,-1.7052,-1.8561,-1.0126,-1.7168,-0.5706,-1.4785,-1.1258,-1.5832,-1.8082,-1.7901,-1.4131,-1.3112
VENHQS1ERC1BQUNaOmxpaGNfdGNnYV9wYW5fY2FuX2F0bGFzXzIwMTg,0.768,0.6051,0.6871,1.0879,1.4359,1.2483,0.8731,1.4694,0.6465,0.8874,1.1391,0.4001,0.2241,0.9449,0.4044,0.566,-0.2666,1.0641,0.6487,1.1623
VENHQS1ERC1BQUQ1OmxpaGNfdGNnYV9wYW5fY2FuX2F0bGFzXzIwMTg,0.5911,0.7349,1.3289,0.8705,1.181,1.0132,0.7732,0.8309,0.777,0.7266,0.2773,0.6198,0.0521,0.6115,0.0476,0.2932,-0.2598,0.7854,0.996,0.8726
VENHQS1ERC1BQUQ2OmxpaGNfdGNnYV9wYW5fY2FuX2F0bGFzXzIwMTg,-0.2059,0.6783,0.6252,0.2364,1.0315,0.2892,0.1098,0.9891,0.2964,0.543,0.6928,0.7135,0.0453,1.0935,0.4123,0.6404,1.1927,0.3305,1.3149,0.4536
VENHQS1ERC1BQUQ4OmxpaGNfdGNnYV9wYW5fY2FuX2F0bGFzXzIwMTg,1.0825,-0.2558,0.4633,0.3925,0.6388,-0.1984,0.5385,0.0898,0.744,0.653,1.0759,0.1289,-0.8737,0.617,0.8057,-0.0158,0.5869,-0.491,0.5132,0.5103
VENHQS1ERC1BQUQwOmxpaGNfdGNnYV9wYW5fY2FuX2F0bGFzXzIwMTg,0.5396,0.6436,-0.0903,0.6729,0.675,0.4649,0.7217,-0.1085,0.7304,0.6556,1.1349,0.5442,0.8426,1.1736,0.2446,0.6416,0.0291,0.5,0.8263,0.5359
VENHQS1ERC1BQUQxOmxpaGNfdGNnYV9wYW5fY2FuX2F0bGFzXzIwMTg,-0.1361,-1.2804,-0.9276,-0.3911,-0.29,-0.7593,-0.7534,-0.5246,-0.7407,-0.419,-0.0926,-0.1368,1.0038,0.3728,-0.2398,-0.3514,-0.6958,-0.8546,-0.2746,-0.528
VENHQS1ERC1BQUQyOmxpaGNfdGNnYV9wYW5fY2FuX2F0bGFzXzIwMTg,0.4019,0.056,0.4102,0.4535,0.3906,1.2679,0.4753,0.2041,0.1349,0.446,0.009,-0.3314,0.875,-0.2675,-0.5227,0.3626,-0.2647,0.2503,0.2657,0.3244
VENHQS1ERC1BQUQzOmxpaGNfdGNnYV9wYW5fY2FuX2F0bGFzXzIwMTg,-0.5248,-0.3854,-0.8933,-0.1596,-0.723,-0.7445,-0.4401,-0.7579,-0.3215,-0.6157,-0.5094,-0.2318,-0.2624,-0.736,-0.587,-0.6129,-1.0156,-0.445,-0.3191,-0.597
VENHQS1ERC1BQURBOmxpaGNfdGNnYV9wYW5fY2FuX2F0bGFzXzIwMTg,0.1925,-0.9967,-0.5926,-0.9737,-0.8512,-0.7636,-0.5056,-1.0166,-0.9765,-0.6013,-1.6707,-1.0618,-0.8883,-1.7394,-0.9674,-1.1401,-1.8873,-0.9232,-0.8395,-0.3847
VENHQS1ERC1BQURCOmxpaGNfdGNnYV9wYW5fY2FuX2F0bGFzXzIwMTg,0.768,0.6376,0.9407,1.1155,0.9562,1.0708,0.5832,1.1206,0.7082,0.7309,0.8333,0.6314,0.7936,0.6671,0.6435,1.1037,-0.2857,1.2516,1.2121,1.2379
VENHQS1ERC1BQURDOmxpaGNfdGNnYV9wYW5fY2FuX2F0bGFzXzIwMTg,1.8558,0.7034,0.7225,1.4685,1.5769,0.6253,1.4177,1.3368,1.6392,1.4437,1.2822,0.7098,1.0276,1.523,0.8466,1.1975,0.9172,1.0563,0.6137,1.7661
VENHQS1ERC1BQUREOmxpaGNfdGNnYV9wYW5fY2FuX2F0bGFzXzIwMTg,1.1684,1.0585,0.9535,1.0591,1.2979,0.6178,1.0735,0.9995,0.6909,1.0086,1.3232,0.2011,1.7122,0.4617,0.3021,1.0911,0.918,0.9465,1.2351,1.1088
VENHQS1ERC1BQURGOmxpaGNfdGNnYV9wYW5fY2FuX2F0bGFzXzIwMTg,0.6667,1.7335,0.8533,0.2292,0.4946,0.7579,0.2828,0.5299,0.53,0.58,0.4457,0.9568,-0.2185,0.475,0.0267,0.6809,2.3556,-0.0409,-0.1072,0.4449
VENHQS1ERC1BQURHOmxpaGNfdGNnYV9wYW5fY2FuX2F0bGFzXzIwMTg,-0.9983,-0.3969,-0.9899,-0.7405,-0.6984,-1.2471,-0.6177,-0.7629,-1.1027,-0.91,0.043,0.2314,-0.0149,-0.2109,0.014,-0.9224,-0.1212,-0.4833,-0.453,-0.8852
VENHQS1ERC1BQURJOmxpaGNfdGNnYV9wYW5fY2FuX2F0bGFzXzIwMTg,-0.6813,-0.7284,0.2034,-1.0738,-0.72,-0.4352,-0.1944,-0.3345,0.74,-1.8575,-0.39,0.0684,-0.9376,-0.7974,0.2993,-1.2947,-0.1044,-0.7139,-0.8815,-0.4356
VENHQS1ERC1BQURKOmxpaGNfdGNnYV9wYW5fY2FuX2F0bGFzXzIwMTg,-0.4654,0.8506,0.2834,-0.9323,-0.6202,-0.1759,0.154,-0.078,0.6844,-0.8285,-0.104,-0.2055,-0.4371,-0.4041,-0.081,-0.2919,-0.693,-0.8948,-0.4732,-0.5026
VENHQS1ERC1BQURLOmxpaGNfdGNnYV9wYW5fY2FuX2F0bGFzXzIwMTg,0.3166,-0.5263,0.712,0.3173,-0.3318,-0.4374,-0.2062,0.3249,1.0528,0.3402,-0.4036,-0.3347,0.6062,0.361,-0.5677,-0.1786,-0.4027,-0.2737,-0.1896,-0.3862
VENHQS1ERC1BQURMOmxpaGNfdGNnYV9wYW5fY2FuX2F0bGFzXzIwMTg,0.3441,-0.3791,-0.411,0.1892,0.3972,-0.0202,0.1172,0.2961,0.262,0.253,0.7044,0.8099,0.8138,0.6024,0.7302,-0.1746,0.2409,0.1093,0.0938,-0.2864
VENHQS1ERC1BQURNOmxpaGNfdGNnYV9wYW5fY2FuX2F0bGFzXzIwMTg,0.3993,0.1141,0.9132,0.1508,-0.307,0.3898,0.2463,0.1306,0.3148,-0.006,0.1865,0.2066,-0.1551,0.5175,0.7972,-0.2222,-0.4854,-0.4771,-0.118,0.2395
VENHQS1ERC1BQUROOmxpaGNfdGNnYV9wYW5fY2FuX2F0bGFzXzIwMTg,0.2182,1.0709,1.8605,0.4336,0.1749,1.4673,1.4794,0.0101,0.344,0.2715,0.9624,1.1464,0.8907,0.758,1.9317,0.4598,0.9241,0.0595,-0.3406,0.8125
VENHQS1ERC1BQURPOmxpaGNfdGNnYV9wYW5fY2FuX2F0bGFzXzIwMTg,-0.0935,-0.3199,1.4933,-0.1571,-0.5701,0.3981,0.3876,-0.223,0.4636,-0.915,-0.142,0.0716,-1.8212,-0.0074,0.9503,0.5296,-0.4074,-0.869,-0.4085,0.2415
VENHQS1ERC1BQURQOmxpaGNfdGNnYV9wYW5fY2FuX2F0bGFzXzIwMTg,0.7406,0.7522,0.3141,0.4235,0.3812,0.0387,0.4385,0.4034,1.2226,-0.2417,-0.0975,-0.3131,0.6564,-0.1004,0.3985,0.4582,-0.3779,-0.1542,0.3892,0.3698
VENHQS1ERC1BQURROmxpaGNfdGNnYV9wYW5fY2FuX2F0bGFzXzIwMTg,-0.9014,-0.215,-0.1706,-0.9579,-0.9804,0.0856,-0.7012,-0.6099,-0.6734,-1.0312,-1.7071,-0.2393,-0.9284,-0.8748,-1.4801,-1.0081,-0.4423,-1.2592,-0.8552,-0.9745
VENHQS1ERC1BQURSOmxpaGNfdGNnYV9wYW5fY2FuX2F0bGFzXzIwMTg,0.6473,0.1555,0.4495,0.4259,0.7629,1.0401,0.6941,0.8828,1.0797,0.0503,0.131,0.1005,-0.2433,0.3991,-0.1484,-0.1865,0.2151,0.1653,0.5639,0.9522
VENHQS1ERC1BQURTOmxpaGNfdGNnYV9wYW5fY2FuX2F0bGFzXzIwMTg,-2.1794,-0.1543,-0.4362,-2.0729,-2.416,-1.4556,-1.0303,-1.4513,-1.1888,-2.0051,-1.5196,-1.9285,-2.9573,-1.2011,-0.1194,-1.4221,-0.1173,-1.5039,-2.0657,-2.7905
VENHQS1ERC1BQURVOmxpaGNfdGNnYV9wYW5fY2FuX2F0bGFzXzIwMTg,-1.4085,-0.6394,-1.2636,-1.5731,-1.6132,-0.8611,-1.9162,-2.0946,-1.6257,-1.19,-1.8809,-2.2246,-2.3007,-1.2776,-1.5032,-1.9816,-1.2215,-1.4305,-1.5312,-1.0542
VENHQS1ERC1BQURWOmxpaGNfdGNnYV9wYW5fY2FuX2F0bGFzXzIwMTg,1.3631,0.3165,0.0216,1.0982,0.9761,0.4096,0.6315,0.9227,0.6024,0.5956,1.1158,0.8816,0.6648,-0.0083,1.1554,1.201,0.4099,0.7196,0.3252,0.8637
VENHQS1ERC1BQURXOmxpaGNfdGNnYV9wYW5fY2FuX2F0bGFzXzIwMTg,1.6324,1.0008,0.4688,1.0006,1.4834,0.6122,0.9416,1.1732,1.0982,1.3595,1.5959,1.4382,1.7363,1.4273,0.9703,1.5467,1.9024,1.502,1.4438,1.0143
VENHQS1ERC1BQURZOmxpaGNfdGNnYV9wYW5fY2FuX2F0bGFzXzIwMTg,1.4601,1.7428,-0.6126,0.3661,0.3215,-0.1002,0.0606,-0.2263,0.552,-0.0506,0.1994,0.0054,0.6502,0.4547,0.0738,-0.4015,0.1505,0.1675,0.461,-0.4717
VENHQS1ERC1BQUU0OmxpaGNfdGNnYV9wYW5fY2FuX2F0bGFzXzIwMTg,0.6523,0.1349,0.6754,-0.2786,-0.2474,0.0465,0.5902,0.6786,0.6826,-0.0065,0.6473,0.1461,-1.378,-0.2859,1.5096,0.4553,2.0693,0.1608,-0.0665,0.4449
VENHQS1ERC1BQUU2OmxpaGNfdGNnYV9wYW5fY2FuX2F0bGFzXzIwMTg,0.6785,1.8609,1.1076,0.51,0.9065,0.8685,0.9938,1.0441,1.2334,0.5339,1.3688,0.2472,0.5005,0.2366,0.6862,1.1581,-0.1717,0.7405,0.9259,0.7421
VENHQS1ERC1BQUU3OmxpaGNfdGNnYV9wYW5fY2FuX2F0bGFzXzIwMTg,-1.5714,-1.6971,-1.1444,-1.0244,-1.409,-1.1813,-0.9715,-1.3857,-1.3267,-1.0217,-1.3117,-1.6183,-1.1129,-0.7652,-0.9868,-1.405,-1.4021,-1.5794,-1.257,-0.949
VENHQS1ERC1BQUU5OmxpaGNfdGNnYV9wYW5fY2FuX2F0bGFzXzIwMTg,-0.5221,0.2702,0.4306,-0.4864,-0.5121,-0.3189,-0.1418,0.3537,0.3179,-0.0738,-0.0694,-0.0793,0.2013,-0.6159,-0.2473,-0.0091,0.0183,-0.6139,-0.5473,-0.7089
VENHQS1ERC1BQUUwOmxpaGNfdGNnYV9wYW5fY2FuX2F0bGFzXzIwMTg,0.5725,1.4014,1.2413,0.6426,1.0083,1.5383,1.4949,0.8262,1.2365,1.173,0.6447,1.4353,0.49,-0.1052,0.6283,1.295,0.9695,0.8371,0.8176,1.2599
VENHQS1ERC1BQUUxOmxpaGNfdGNnYV9wYW5fY2FuX2F0bGFzXzIwMTg,0.5447,-0.9416,-0.0514,-0.354,-0.0871,-0.2342,-0.3248,0.0804,0.3141,-0.6318,-0.1048,-0.4844,0.9253,-0.1912,-0.049,-0.2842,-0.8461,-0.5724,-0.0813,0.5573
VENHQS1ERC1BQUUyOmxpaGNfdGNnYV9wYW5fY2FuX2F0bGFzXzIwMTg,-0.6071,-0.4243,-0.5819,-0.3854,0.253,-0.0245,0.1484,-0.4294,0.0352,0.1735,0.0967,-0.4305,0.0897,-1.1258,0.2884,-0.1222,0.3155,-0.0499,0.3284,0.0952
VENHQS1ERC1BQUUzOmxpaGNfdGNnYV9wYW5fY2FuX2F0bGFzXzIwMTg,-2.3116,-0.407,-1.6746,-2.2917,-2.3628,-1.1685,-2.1542,-1.7666,-1.1109,-2.2503,-1.0675,-0.7179,-1.1936,-1.3388,-0.2909,-2.4284,0.4528,-2.5476,-2.2792,-2.2811
VENHQS1ERC1BQUVBOmxpaGNfdGNnYV9wYW5fY2FuX2F0bGFzXzIwMTg,0.5632,1.4674,0.7568,0.0104,0.5844,0.515,0.7306,0.8726,1.0581,0.5607,0.5421,-0.4404,-0.4499,0.2523,0.508,0.776,-0.1707,-0.0524,0.8249,0.4486
VENHQS1ERC1BQUVCOmxpaGNfdGNnYV9wYW5fY2FuX2F0bGFzXzIwMTg,-1.1792,-1.343,-1.048,-1.729,-1.9825,-1.3685,-1.0082,-1.1382,-1.0546,-1.4159,-1.3812,-1.596,-2.8507,-1.0888,-0.4178,-1.2774,-1.7662,-1.349,-1.22,-0.9813
VENHQS1ERC1BQUVEOmxpaGNfdGNnYV9wYW5fY2FuX2F0bGFzXzIwMTg,-0.2293,-1.1832,-0.47,-0.5997,-0.0768,-0.5907,-0.5047,-0.2734,-0.2328,-0.1831,-1.5333,-0.8931,-1.7241,0.9408,-0.5521,-0.0874,-1.8725,-0.9852,-0.3237,-0.0861
VENHQS1ERC1BQUVFOmxpaGNfdGNnYV9wYW5fY2FuX2F0bGFzXzIwMTg,-0.4553,-0.2117,-0.0405,0.3028,0.3457,-0.1163,0.2437,0.3787,0.6358,0.5226,0.2593,-0.049,0.3318,0.4324,-0.1356,0.0611,0.4359,0.2514,0.4773,0.2999
VENHQS1ERC1BQUVHOmxpaGNfdGNnYV9wYW5fY2FuX2F0bGFzXzIwMTg,0.2094,0.1253,-0.1451,0.1566,0.0062,0.3836,-0.2972,0.1105,0.1403,0.3002,0.0125,0.2754,0.1346,0.5606,-0.8809,-0.283,0.5245,-0.5124,-0.0752,-0.3211
VENHQS1ERC1BQUVIOmxpaGNfdGNnYV9wYW5fY2FuX2F0bGFzXzIwMTg,0.0881,0.187,0.0265,-0.1997,-0.4098,-0.5429,0.2223,-0.0433,-0.1457,0.1541,-1.2354,-0.135,-1.3111,-0.8411,-0.8609,-0.325,0.5163,-0.8774,-0.1205,-0.4648
VENHQS1ERC1BQUVJOmxpaGNfdGNnYV9wYW5fY2FuX2F0bGFzXzIwMTg,0.3852,0.0652,0.3209,0.6473,0.6863,0.8563,0.7283,0.0491,0.5834,0.78,0.5547,0.0779,2.0131,0.7783,1.0484,0.9138,0.1443,0.5149,-0.1747,0.5098
VENHQS1ERC1BQUVLOmxpaGNfdGNnYV9wYW5fY2FuX2F0bGFzXzIwMTg,0.301,-0.582,-0.2164,0.397,0.3614,-0.2685,0.1286,0.097,-0.304,-0.1209,-0.0861,-0.1206,0.3516,-0.0277,-0.5517,0.6372,0.1655,0.2699,0.3523,0.2284
VENHQS1ERC1BQVZQOmxpaGNfdGNnYV9wYW5fY2FuX2F0bGFzXzIwMTg,-1.3052,1.1279,-0.6713,-0.8213,-0.6861,-0.7749,-0.6364,-0.3821,-0.8234,-1.096,-0.4496,-0.5284,-0.9299,0.006,-0.7239,-0.847,-0.0335,0.8196,-0.8709,-1.3503
VENHQS1ERC1BQVZROmxpaGNfdGNnYV9wYW5fY2FuX2F0bGFzXzIwMTg,1.0212,0.0389,1.2993,0.851,0.4894,0.7174,0.981,0.9223,1.3228,0.5618,0.3146,0.4092,0.0486,0.547,0.5237,0.7044,0.4183,0.5906,0.6618,0.9611
VENHQS1ERC1BQVZSOmxpaGNfdGNnYV9wYW5fY2FuX2F0bGFzXzIwMTg,-0.232,0.1165,-0.7325,-0.6345,-0.461,-0.389,-0.027,-0.157,0.1874,-0.358,-0.6673,-1.1574,-0.8209,-0.8368,-1.1829,-0.7812,-0.6951,-0.8827,0.1536,-0.5525
VENHQS1ERC1BQVZTOmxpaGNfdGNnYV9wYW5fY2FuX2F0bGFzXzIwMTg,0.7205,-0.0423,0.9187,0.5016,0.5345,0.4732,0.5377,0.5731,0.9521,0.0527,0.5629,0.9927,0.712,0.0597,0.1088,0.5003,-0.5303,0.6726,0.461,0.0114
VENHQS1ERC1BQVZVOmxpaGNfdGNnYV9wYW5fY2FuX2F0bGFzXzIwMTg,0.3128,-0.3572,0.573,0.4379,0.2511,0.4863,0.5893,0.0394,0.3991,-0.3064,-0.7136,-0.5858,-0.7276,-0.1446,0.4489,0.0538,-0.3008,-1.055,-0.1697,0.3703
VENHQS1ERC1BQVZWOmxpaGNfdGNnYV9wYW5fY2FuX2F0bGFzXzIwMTg,0.3317,0.451,-0.2457,-0.3278,0.1193,-0.2403,-0.5857,-0.1735,0.1113,-0.6775,-0.1035,-0.0509,-0.5672,-0.074,-0.076,-0.4983,-0.1609,-0.2852,-0.0347,0.1092
VENHQS1ERC1BQVZXOmxpaGNfdGNnYV9wYW5fY2FuX2F0bGFzXzIwMTg,0.3013,-0.5497,-0.1328,0.4529,0.2045,-0.0333,0.1271,0.3204,0.3267,0.0023,-0.5498,-0.3503,0.4096,-0.5712,-1.1841,0.2129,-1.1386,0.1323,0.0115,0.4891
VENHQS1ERC1BQVZYOmxpaGNfdGNnYV9wYW5fY2FuX2F0bGFzXzIwMTg,-1.1627,-1.3769,-1.6073,-1.5716,-1.9085,-1.3968,-1.697,-1.796,-1.2193,-1.4433,-1.8917,-1.2188,-0.8994,-1.5424,-0.7674,-1.1953,-0.9424,-1.7272,-1.44,-1.5249
VENHQS1ERC1BQVZZOmxpaGNfdGNnYV9wYW5fY2FuX2F0bGFzXzIwMTg,-0.7777,-2.0178,-2.1432,-2.0162,-1.7126,-1.8158,-2.063,-2.0115,-1.3503,-1.9416,-1.4252,-0.3683,-0.182,-1.0145,-0.9525,-2.1635,-0.9169,-0.4176,-1.8821,-2.3403
VENHQS1ERC1BQVZaOmxpaGNfdGNnYV9wYW5fY2FuX2F0bGFzXzIwMTg,0.8765,0.8513,0.6968,0.4165,0.2947,0.5471,0.4882,0.4975,0.6088,0.1618,0.2783,-0.231,1.4827,-0.1394,0.1631,0.3683,0.0761,0.2585,0.263,0.6384
VENHQS1ERC1BQVcwOmxpaGNfdGNnYV9wYW5fY2FuX2F0bGFzXzIwMTg,0.0151,0.183,-0.3561,-0.0864,-0.3466,-0.8064,-0.618,-0.442,-0.0334,-0.6425,-0.7594,-1.1019,-0.3923,-1.1736,-1.0518,-0.3974,-1.2331,-0.4903,-0.5129,-0.2763
VENHQS1ERC1BQVcxOmxpaGNfdGNnYV9wYW5fY2FuX2F0bGFzXzIwMTg,-1.4253,-0.7151,-2.2446,-1.7231,-1.5254,-2.3769,-1.64,-2.0206,-1.5793,-1.9285,-0.0469,-0.9037,-0.4166,-0.5394,-0.755,-1.6784,-0.2165,-0.5155,-1.4566,-1.6242
VENHQS1ERC1BQVcyOmxpaGNfdGNnYV9wYW5fY2FuX2F0bGFzXzIwMTg,-0.1618,-1.3185,-0.3,-0.3238,-0.6796,-0.6674,-0.3006,-0.693,-0.2166,-0.7939,-0.2596,1.0395,0.7397,-0.1738,0.4733,-0.702,-0.4536,-0.0579,-0.5027,-0.9927
VENHQS1ERC1BQVczOmxpaGNfdGNnYV9wYW5fY2FuX2F0bGFzXzIwMTg,-0.649,-1.1232,-0.7522,-1.1453,-1.1241,-1.543,-1.078,-1.0141,-1.0778,-0.874,-0.7788,0.4469,0.4907,-0.3793,0.011,-1.3412,0.1141,-0.0971,-1.1414,-1.5446
VENHQS1FRC1BN1BYOmxpaGNfdGNnYV9wYW5fY2FuX2F0bGFzXzIwMTg,-0.2644,0.3752,0.6631,0.7981,0.6815,0.902,0.5786,0.5529,-0.3332,1.1002,0.4035,0.8107,0.7032,0.1736,-0.2228,0.3643,-1.5867,0.5581,0.5862,0.1385
VENHQS1FRC1BN1BZOmxpaGNfdGNnYV9wYW5fY2FuX2F0bGFzXzIwMTg,0.5402,0.4688,0.6621,-0.0202,-0.2328,0.1164,0.2886,0.4579,0.5642,-0.1144,-0.8061,-0.7152,-1.4729,-2.7869,-0.2866,0.0914,-0.8904,-0.2768,0.0743,0.4978
VENHQS1FRC1BN1BaOmxpaGNfdGNnYV9wYW5fY2FuX2F0bGFzXzIwMTg,-0.3881,1.1128,0.6363,0.2809,-0.0243,0.5863,0.4677,0.6125,0.5502,-0.4363,0.1537,0.5342,-0.1443,-0.4401,0.15,-0.1027,0.7363,0.4611,0.0238,0.4117
VENHQS1FRC1BN1hPOmxpaGNfdGNnYV9wYW5fY2FuX2F0bGFzXzIwMTg,0.8584,0.6023,0.3838,0.9164,0.5535,0.7517,0.8922,0.4282,1.1623,0.1559,1.4793,0.8124,0.5263,0.0467,0.7034,0.4296,1.5693,0.5093,0.5872,1.0354
VENHQS1FRC1BN1hQOmxpaGNfdGNnYV9wYW5fY2FuX2F0bGFzXzIwMTg,0.8199,-0.4054,-0.3867,0.0333,0.2506,-0.0481,-0.2016,0.2752,0.5958,-0.0256,-0.248,-0.6243,-0.2306,0.3674,-0.6965,0.12,-0.6368,0.0599,0.2261,0.4063
VENHQS1FRC1BNDU5OmxpaGNfdGNnYV9wYW5fY2FuX2F0bGFzXzIwMTg,0.5682,0.6577,0.4528,0.4511,0.0091,1.0993,0.5873,0.4975,0.7736,0.3974,0.7216,0.9552,0.4461,0.5912,1.4142,0.7898,0.7721,0.5816,0.7033,0.9577
VENHQS1FRC1BNFhJOmxpaGNfdGNnYV9wYW5fY2FuX2F0bGFzXzIwMTg,-0.7707,-1.3766,-1.1961,-1.3041,-1.0837,-1.1692,-1.2722,-1.1553,-1.5188,-1.0161,-0.8391,-1.0513,-0.4858,-1.2985,-1.0525,-1.1073,-0.9176,-1.1785,-1.0014,-0.905
VENHQS1FRC1BNUtHOmxpaGNfdGNnYV9wYW5fY2FuX2F0bGFzXzIwMTg,0.7035,-0.4752,0.5161,1.1303,0.7421,0.0866,0.7695,0.677,0.3911,0.8791,0.2047,0.6723,0.2104,0.6572,0.0113,0.8379,0.059,0.5103,0.665,0.2417
VENHQS1FRC1BNjI3OmxpaGNfdGNnYV9wYW5fY2FuX2F0bGFzXzIwMTg,-1.6003,-1.5697,-1.3096,-0.8046,-0.8343,-1.2463,-1.2245,-1.1468,-1.6138,-0.6061,-0.5937,-0.5693,-0.6646,-0.4917,-0.7663,-0.8925,-0.865,-1.0665,-1.0606,-1.2505
VENHQS1FRC1BNjZYOmxpaGNfdGNnYV9wYW5fY2FuX2F0bGFzXzIwMTg,0.6947,0.0354,1.1729,0.6084,1.0715,0.9242,0.5949,0.9659,0.4352,0.4027,0.1178,0.1043,0.7341,0.0004,0.0227,0.7216,0.1165,0.3254,0.7259,0.8054
VENHQS1FRC1BNjZZOmxpaGNfdGNnYV9wYW5fY2FuX2F0bGFzXzIwMTg,0.9168,-0.5345,0.9033,0.5421,0.8499,0.842,0.6619,0.9388,0.4694,1.0225,1.2658,1.3296,1.5518,1.5416,1.3912,0.4452,1.2504,0.7888,1.0757,0.8642
VENHQS1FRC1BODJFOmxpaGNfdGNnYV9wYW5fY2FuX2F0bGFzXzIwMTg,-2.5602,-1.3241,-1.5854,-1.2493,-0.632,-1.2534,-1.432,-1.5389,-2.6381,-1.4959,0.2375,1.1143,0.5428,-0.0345,-0.261,-1.2525,-0.1737,-1.3216,-1.3731,-1.2595
VENHQS1FRC1BOE81OmxpaGNfdGNnYV9wYW5fY2FuX2F0bGFzXzIwMTg,0.903,-0.9968,0.893,0.0774,0.6493,0.18,0.6455,0.366,1.1484,0.1783,-0.4526,1.218,-0.0066,-0.7818,-0.3492,0.4291,-0.6234,0.6608,0.6126,0.1718
VENHQS1FRC1BOE82OmxpaGNfdGNnYV9wYW5fY2FuX2F0bGFzXzIwMTg,0.6972,0.9975,0.6989,0.8664,1.0685,0.6968,1.0331,0.4951,0.1611,1.1259,0.1324,0.3668,1.2749,0.0472,-0.1829,0.5514,-0.1374,0.6606,0.9904,0.5785
VENHQS1FRC1BOTdLOmxpaGNfdGNnYV9wYW5fY2FuX2F0bGFzXzIwMTg,-0.1905,-0.6655,-0.5677,0.4231,0.3115,-0.0036,0.1129,-0.1095,-0.7097,0.1062,-0.5068,0.1093,0.3964,-0.4445,-0.1743,0.0583,-1.2833,-0.2657,0.1393,-0.1872
VENHQS1FUC1BM0pMOmxpaGNfdGNnYV9wYW5fY2FuX2F0bGFzXzIwMTg,0.3619,0.2812,0.7292,-0.2364,-0.0893,0.384,0.1877,0.2964,0.451,0.0755,0.0146,-0.5244,0.0404,-0.0935,0.4915,-0.0116,0.8513,-0.1894,-0.0572,0.1035
VENHQS1FUC1BM1JLOmxpaGNfdGNnYV9wYW5fY2FuX2F0bGFzXzIwMTg,0.6587,0.372,1.0617,0.8821,0.7888,0.9727,0.9473,0.7723,0.6013,0.8053,0.7523,0.4605,0.678,0.9044,0.6473,0.7898,1.0566,0.4821,0.207,0.4717
VENHQS1FUC1BMTJKOmxpaGNfdGNnYV9wYW5fY2FuX2F0bGFzXzIwMTg,-0.199,-1.0125,-0.2344,-0.0264,-0.2286,-0.6789,-3.1648,-0.3473,-0.7016,-0.264,-0.0825,-0.7215,0.2705,-0.5999,-0.7571,-0.4155,-0.637,0.1198,-0.162,-1.1306
VENHQS1FUC1BMjZTOmxpaGNfdGNnYV9wYW5fY2FuX2F0bGFzXzIwMTg,-0.78,-1.9891,-1.3927,-0.7131,-0.5524,-1.1634,-0.7597,-0.898,-1.1586,-1.0739,-0.1552,-0.7043,-0.3816,-1.0243,0.1114,-0.8423,-0.3221,-1.3295,-0.6934,-0.714
VENHQS1FUC1BMktBOmxpaGNfdGNnYV9wYW5fY2FuX2F0bGFzXzIwMTg,1.0589,0.4375,1.3336,0.7862,0.755,0.8394,1.1137,0.8228,0.7283,1.1589,0.5742,0.5132,0.0764,0.9617,0.7222,1.6393,0.2173,0.2865,0.6076,0.3961
VENHQS1FUC1BMktCOmxpaGNfdGNnYV9wYW5fY2FuX2F0bGFzXzIwMTg,0.951,0.848,1.4156,0.6599,0.4767,1.0421,0.666,1.1787,0.6979,0.3622,0.2923,0.1783,0.0961,-0.2421,-0.4876,0.8791,-0.3691,0.6527,0.8723,1.1982
VENHQS1FUC1BMktDOmxpaGNfdGNnYV9wYW5fY2FuX2F0bGFzXzIwMTg,0.1164,-0.6752,-0.4514,0.0624,-0.0257,-0.1634,-0.156,-0.2594,-0.2858,-0.1022,-0.3723,-0.2101,0.6938,-0.5164,0.1832,-0.2734,-0.2316,-0.6349,0.3942,0.2653
VENHQS1FUy1BMkhTOmxpaGNfdGNnYV9wYW5fY2FuX2F0bGFzXzIwMTg,-1.6306,-0.8113,-0.4986,-1.4282,-1.2638,-1.2274,0.0229,-0.831,-0.3043,-1.0151,-0.5087,-0.6207,-1.5802,-0.6947,0.035,-0.5605,0.2574,-0.5906,-0.789,-0.7903
VENHQS1FUy1BMkhUOmxpaGNfdGNnYV9wYW5fY2FuX2F0bGFzXzIwMTg,-2.4793,0.3278,-0.9074,-2.1369,-2.1012,-1.5118,-1.4505,-1.827,-1.366,-1.8225,-2.0865,-1.196,-1.5893,-1.3004,-1.2583,-1.4783,-1.2001,-1.7818,-2.1187,-1.9524
VENHQS1GVi1BM0kwOmxpaGNfdGNnYV9wYW5fY2FuX2F0bGFzXzIwMTg,-2.1415,-1.9694,-0.5912,-0.5333,-0.3257,-0.7959,-0.5243,-0.9645,-0.4095,-1.1625,-0.6869,1.0076,-0.3426,-1.4437,-0.5949,-0.6501,-1.0487,0.1997,-1.0401,-1.5928
VENHQS1GVi1BM0kxOmxpaGNfdGNnYV9wYW5fY2FuX2F0bGFzXzIwMTg,0.7573,-0.2706,0.1167,0.598,0.5877,0.4583,0.0338,0.2048,0.293,0.6186,0.1865,-0.4254,-0.0837,-0.0827,0.2357,0.6054,-0.3879,0.0029,0.6292,0.6578
VENHQS1GVi1BM1IyOmxpaGNfdGNnYV9wYW5fY2FuX2F0bGFzXzIwMTg,-0.0532,0.2005,-0.4527,0.437,0.3067,0.4267,0.2534,-0.0194,0.227,0.8749,-0.0376,-0.2156,-0.6438,-0.6449,-0.0747,0.4859,-0.5779,-0.4043,0.1546,-0.2149
VENHQS1GVi1BM1IzOmxpaGNfdGNnYV9wYW5fY2FuX2F0bGFzXzIwMTg,-1.6059,-0.2633,-1.5141,-1.76,-1.0925,-1.5483,-1.6788,-1.4927,-1.7539,-1.2719,-1.2726,-1.2194,-0.1802,-1.4747,-2.0603,-1.2091,-2.1593,-1.7125,-1.1178,-1.4132
VENHQS1GVi1BMjNCOmxpaGNfdGNnYV9wYW5fY2FuX2F0bGFzXzIwMTg,1.1819,1.0013,0.3004,0.7746,0.882,0.56,0.6498,0.8118,0.7401,1.1975,0.2515,-1.1806,0.2092,-0.1625,-0.0006,1.0685,0.106,0.554,1.1031,0.3925
VENHQS1GVi1BMlFROmxpaGNfdGNnYV9wYW5fY2FuX2F0bGFzXzIwMTg,-0.5211,-0.393,-0.0629,-0.324,-0.3654,-0.0056,0.0363,-0.7802,-0.0912,-0.1701,-0.863,-1.6581,-1.1596,-1.0714,-0.8906,-0.7954,-0.8232,-0.7527,-0.9407,-0.184
VENHQS1GVi1BMlFSOmxpaGNfdGNnYV9wYW5fY2FuX2F0bGFzXzIwMTg,0.3181,-0.6847,-0.9684,0.0982,-0.4069,-0.4586,-0.2127,-0.1718,0.0994,0.2473,-0.332,-0.3777,-0.4019,-0.1569,-0.9228,-0.5638,-0.5115,-0.4098,-0.1815,-0.7933
VENHQS1GVi1BNDk1OmxpaGNfdGNnYV9wYW5fY2FuX2F0bGFzXzIwMTg,0.3415,0.0204,0.9239,0.0287,-0.1436,0.7597,0.6375,0.367,0.9123,-0.4996,0.8925,0.6268,-1.0176,0.6866,1.3349,0.4048,1.2311,-0.1517,-0.0154,0.203
VENHQS1GVi1BNDk2OmxpaGNfdGNnYV9wYW5fY2FuX2F0bGFzXzIwMTg,0.0537,-0.6804,-0.9668,-0.2528,-1.2216,-0.4394,-0.5983,-0.7441,0.4088,-0.4148,-0.7893,-0.5684,-0.6925,-1.1017,-0.9639,-1.4219,-0.7885,-0.9425,-0.1238,-0.0489
VENHQS1GVi1BNFpQOmxpaGNfdGNnYV9wYW5fY2FuX2F0bGFzXzIwMTg,-0.3156,0.038,2.2248,-0.1279,-0.3987,0.8767,0.7857,0.7897,0.0703,-0.248,0.597,0.2192,-0.2991,0.4728,4.7347,1.3677,-1.0935,0.3624,-0.8381,0.0198
VENHQS1GVi1BNFpROmxpaGNfdGNnYV9wYW5fY2FuX2F0bGFzXzIwMTg,1.0632,1.3625,1.5525,1.1055,1.4244,1.7966,1.448,1.6655,0.9923,1.4436,0.8918,1.5928,1.8511,1.0963,0.6533,1.1557,2.0899,1.4469,1.2613,1.2793
VENHQS1HMy1BM0NIOmxpaGNfdGNnYV9wYW5fY2FuX2F0bGFzXzIwMTg,0.1701,-0.2546,-0.4177,0.0523,0.3137,-0.042,-0.011,-0.2142,-0.4052,0.6636,1.1085,1.0752,0.6307,1.2449,0.4137,0.3276,1.4273,-0.2381,0.2664,0.3281
VENHQS1HMy1BM0NJOmxpaGNfdGNnYV9wYW5fY2FuX2F0bGFzXzIwMTg,-1.59,-2.4345,-1.0932,-1.1401,-1.3817,-1.9591,-1.2613,-1.4256,-2.854,-0.67,-1.5379,-1.4903,-1.1278,-2.2306,-1.5072,-0.6871,-0.9363,-1.897,-1.4633,-1.6889
VENHQS1HMy1BM0NKOmxpaGNfdGNnYV9wYW5fY2FuX2F0bGFzXzIwMTg,-0.3515,-1.0785,-1.4709,-1.4124,-1.3908,-1.3057,-1.4336,-1.5978,-2.2574,-1.2648,-1.7191,-2.3097,-2.5756,-1.1467,-1.0704,-1.8838,-1.3018,-1.4594,-1.7395,-0.6367
VENHQS1HMy1BM0NLOmxpaGNfdGNnYV9wYW5fY2FuX2F0bGFzXzIwMTg,-0.2603,-0.6743,-0.8764,-0.4327,-0.4075,-1.0451,-0.7068,-0.7959,-0.9382,-0.3544,-0.7616,-0.7345,-0.4221,-0.2557,-1.1813,-0.6962,-0.6499,-0.0614,-0.174,-0.2798
VENHQS1HMy1BMjVTOmxpaGNfdGNnYV9wYW5fY2FuX2F0bGFzXzIwMTg,0.0862,0.7073,1.0898,0.1733,0.084,0.8937,0.5441,0.5813,0.4149,-0.1247,0.2695,1.2873,-0.9196,0.5001,0.1506,0.0692,1.5423,0.166,-0.2064,-0.0978
VENHQS1HMy1BMjVUOmxpaGNfdGNnYV9wYW5fY2FuX2F0bGFzXzIwMTg,-0.9348,-0.3582,1.1349,0.7986,0.8863,0.9353,1.089,0.5735,0.1714,-0.1962,0.4359,0.8442,-0.1102,0.6231,0.625,0.2362,0.9039,0.6526,0.3924,-0.015
VENHQS1HMy1BMjVVOmxpaGNfdGNnYV9wYW5fY2FuX2F0bGFzXzIwMTg,-0.1806,-0.028,0.062,0.602,0.9256,0.2157,0.4956,-0.4546,0.0513,1.2125,1.3742,1.3636,1.2732,1.0886,0.9687,0.6539,0.9273,0.6522,0.8862,0.6724
VENHQS1HMy1BMjVWOmxpaGNfdGNnYV9wYW5fY2FuX2F0bGFzXzIwMTg,-1.0147,-1.1352,-1.2688,-1.1518,-1.0445,-0.6013,-0.7994,-1.0667,-0.8067,-0.7175,-1.0611,-1.0515,-0.4884,-1.0119,-1.1357,-0.9588,-0.5986,-0.8884,-0.8447,-1.2576
VENHQS1HMy1BMjVYOmxpaGNfdGNnYV9wYW5fY2FuX2F0bGFzXzIwMTg,1.1148,-0.0031,1.4234,0.6239,0.858,1.0958,1.5155,0.3745,1.5782,0.1993,0.9337,2.0159,-0.2478,1.4577,1.387,0.5474,1.178,0.8826,0.5955,0.227
VENHQS1HMy1BMjVZOmxpaGNfdGNnYV9wYW5fY2FuX2F0bGFzXzIwMTg,0.3815,0.8469,0.546,0.6594,0.481,0.606,1.1554,1.0814,1.0315,0.0474,1.3062,1.5224,1.3153,1.717,1.3084,0.4239,1.8742,0.9163,0.9062,0.7806
VENHQS1HMy1BMjVaOmxpaGNfdGNnYV9wYW5fY2FuX2F0bGFzXzIwMTg,-1.2225,0.8656,-0.5581,-0.053,-0.52,-0.4044,-0.3647,-0.4859,0.2544,-0.776,-0.4513,-0.5471,-0.0464,-0.208,-0.0379,-0.8004,-0.616,-0.6302,-0.0578,-0.3416
VENHQS1HMy1BN001OmxpaGNfdGNnYV9wYW5fY2FuX2F0bGFzXzIwMTg,-1.0515,1.012,-1.2014,-1.2198,-1.4873,-1.0458,-0.8516,-1.5304,-0.5109,-1.2926,-0.7401,-2.0439,-1.6617,0.2942,-0.3229,-1.4757,-0.1057,-1.4736,-1.6917,-1.4
VENHQS1HMy1BN002OmxpaGNfdGNnYV9wYW5fY2FuX2F0bGFzXzIwMTg,0.1571,-0.3672,-0.1207,0.3336,0.6536,-0.2855,0.2216,0.2076,-0.1503,0.7742,0.7304,0.5783,0.8264,-0.1117,0.219,0.2295,-0.1644,0.1303,0.8488,0.5711
VENHQS1HMy1BN003OmxpaGNfdGNnYV9wYW5fY2FuX2F0bGFzXzIwMTg,-1.7169,-0.3657,-0.962,-1.712,-1.7142,-1.0546,-2.3356,-1.4736,-0.8905,-1.5583,-1.6098,-1.6936,-0.5308,-1.8893,-1.8173,-1.7945,-1.1986,-1.6816,-1.6869,-1.8792
VENHQS1HMy1BN004OmxpaGNfdGNnYV9wYW5fY2FuX2F0bGFzXzIwMTg,-1.5125,-1.8785,-1.734,-1.7716,-1.3037,-1.6057,-1.6742,-1.2438,-1.6073,-2.3673,-0.7521,-0.9837,-0.4271,-1.1723,-0.9952,-1.6272,-0.8311,-1.4614,-1.5293,-1.8151
VENHQS1HMy1BN005OmxpaGNfdGNnYV9wYW5fY2FuX2F0bGFzXzIwMTg,1.2087,1.7788,1.9787,1.8848,1.7665,1.5611,1.3509,1.7887,1.1412,1.8988,1.9948,1.1933,2.0145,1.8713,1.3096,2.0249,0.6916,2.2555,1.5362,1.8813
VENHQS1HMy1BNVNJOmxpaGNfdGNnYV9wYW5fY2FuX2F0bGFzXzIwMTg,1.1095,1.564,0.7993,1.2149,0.8988,1.2107,1.1803,1.7,1.7194,0.8165,1.3593,1.8231,1.1724,2.1543,1.4154,0.7885,2.292,1.4984,0.9662,1.1813
VENHQS1HMy1BNVNKOmxpaGNfdGNnYV9wYW5fY2FuX2F0bGFzXzIwMTg,-0.5654,-0.4131,-0.1124,0.6188,0.5175,0.4173,0.5159,-0.138,-0.1215,0.4887,0.6736,0.7762,0.8821,0.4456,0.6513,-0.1922,0.4446,0.3142,0.7364,0.4933
VENHQS1HMy1BNVNLOmxpaGNfdGNnYV9wYW5fY2FuX2F0bGFzXzIwMTg,-1.9978,1.3868,-1.6313,-1.9916,-1.751,-1.9636,-2.1478,-1.3008,-1.1938,-1.7647,-2.5868,-2.2671,-1.7488,-1.8925,-2.5828,-2.2158,0.7115,-2.1317,-2.1392,-1.8721
VENHQS1HMy1BNVNMOmxpaGNfdGNnYV9wYW5fY2FuX2F0bGFzXzIwMTg,-0.7117,-0.2605,-1.0847,-0.4544,-0.7425,-0.8577,-0.8159,-0.4235,-0.4787,-0.4933,-1.1007,-0.2536,0.5577,-0.3853,-0.5551,-0.7494,-0.1541,0.4835,-0.4745,-0.9083
VENHQS1HMy1BNVNNOmxpaGNfdGNnYV9wYW5fY2FuX2F0bGFzXzIwMTg,0.5893,1.1736,-0.078,0.4346,0.17,0.528,0.1327,0.2587,0.5343,0.3964,-0.5902,-1.0699,-0.2282,-0.1933,-0.6141,-0.3099,-0.6925,-0.197,0.2669,0.4527
VENHQS1HMy1BNlVDOmxpaGNfdGNnYV9wYW5fY2FuX2F0bGFzXzIwMTg,0.3485,0.3032,-1.6327,-0.5462,-0.4582,-1.6033,-1.0005,-1.3046,-1.9168,0.0715,-1.1621,-0.4975,-1.2531,-0.8144,-0.5192,-1.4813,0.5719,-0.9741,-1.262,-0.3369
VENHQS1HMy1BQVVaOmxpaGNfdGNnYV9wYW5fY2FuX2F0bGFzXzIwMTg,-0.0513,0.7997,0.7321,-0.0211,-0.0981,-0.043,0.451,0.2941,0.4147,0.2945,0.543,0.0642,-0.1155,0.2322,0.736,0.562,1.7463,-0.0421,0.2928,0.0036
VENHQS1HMy1BQVY0OmxpaGNfdGNnYV9wYW5fY2FuX2F0bGFzXzIwMTg,-0.0709,0.1063,-0.7445,0.2669,-0.7802,-0.2573,-0.2918,-0.6672,-0.2664,0.0927,-0.491,-0.0151,-1.2843,0.0106,-1.3402,-1.3688,-0.3335,0.4275,-0.0002,-0.3246
VENHQS1HMy1BQVY1OmxpaGNfdGNnYV9wYW5fY2FuX2F0bGFzXzIwMTg,0.1505,-0.576,-0.2553,0.0921,-0.2519,0.311,0.1635,0.1977,-0.0081,-0.4455,-0.338,-0.5878,-0.3608,0.1504,0.3622,0.1077,0.4196,-0.4206,-0.1039,-0.0396
VENHQS1HMy1BQVY2OmxpaGNfdGNnYV9wYW5fY2FuX2F0bGFzXzIwMTg,0.5513,1.1998,2.5848,1.5885,0.6693,1.1295,1.0378,1.6612,2.0615,0.9877,1.488,1.0142,1.1517,2.1089,2.2275,1.1083,1.0553,1.3767,1.1447,1.0359
VENHQS1HMy1BQVY3OmxpaGNfdGNnYV9wYW5fY2FuX2F0bGFzXzIwMTg,1.9331,2.1263,1.3209,1.6329,1.5512,1.2102,1.2364,2.4902,1.1864,2.0356,1.2603,1.2626,1.6994,1.1582,1.2067,2.3216,1.5655,2.469,1.9935,1.6865
VENHQS1HMy1BQVYwOmxpaGNfdGNnYV9wYW5fY2FuX2F0bGFzXzIwMTg,-1.0981,-1.651,-0.2818,-2.1864,-1.0248,-1.067,-0.7211,-0.9864,-0.7752,-0.7956,-1.1261,-1.6792,-1.8797,-1.7816,-0.3811,-0.9923,-0.9876,-2.009,-1.9285,-1.4762
VENHQS1HMy1BQVYxOmxpaGNfdGNnYV9wYW5fY2FuX2F0bGFzXzIwMTg,-0.0068,-0.2048,-1.1093,-0.0081,-0.0956,-0.086,-0.263,-0.5899,-0.3928,-0.124,-0.4645,-0.2287,-0.0896,-0.0486,-0.6506,-0.071,-0.5082,0.7217,-0.2142,0.1893
VENHQS1HMy1BQVYyOmxpaGNfdGNnYV9wYW5fY2FuX2F0bGFzXzIwMTg,-1.803,-0.9247,-1.2789,-2.314,-2.3488,-1.7418,-1.7098,-1.9149,-0.9995,-2.2753,-0.4911,0.0654,-0.7005,-0.9946,-0.2756,-2.1073,-0.4563,0.1424,-1.9553,-1.8001
VENHQS1HMy1BQVYzOmxpaGNfdGNnYV9wYW5fY2FuX2F0bGFzXzIwMTg,0.5669,-0.4326,0.7679,0.7085,0.2849,0.0567,0.5262,0.577,0.3193,0.2776,0.548,1.0669,0.6227,0.5952,0.1534,0.4976,0.5195,0.8134,0.3606,-0.1142
VENHQS1HSi1BM09VOmxpaGNfdGNnYV9wYW5fY2FuX2F0bGFzXzIwMTg,0.3137,0.0834,-0.0261,0.5638,0.1659,0.4268,0.3407,0.4517,0.6845,0.3585,-0.2305,-0.5056,-0.6884,-0.1112,-0.5579,0.2835,-0.4826,0.4541,0.2454,0.2788
VENHQS1HSi1BNkMwOmxpaGNfdGNnYV9wYW5fY2FuX2F0bGFzXzIwMTg,0.6316,0.2171,-0.1144,0.9949,0.7833,0.4582,0.6549,1.0417,0.8014,1.0832,0.8549,0.2377,0.4863,0.652,0.1621,1.2466,-0.2459,0.9898,1.2093,0.5706
VENHQS1HSi1BOURCOmxpaGNfdGNnYV9wYW5fY2FuX2F0bGFzXzIwMTg,0.3395,-0.1967,-0.3917,0.0725,0.3633,0.1246,0.2157,0.1343,0.1686,0.6232,0.3553,-0.2145,0.319,0.0996,0.1207,0.6164,0.1328,-0.1266,0.111,0.0941
VENHQS1IUC1BNU1aOmxpaGNfdGNnYV9wYW5fY2FuX2F0bGFzXzIwMTg,-0.5504,-0.2478,-0.4167,-0.7265,-0.461,-0.1936,-0.4337,-0.1997,-0.1022,-0.1898,-0.9998,-1.1077,-0.1461,-0.7498,-1.3227,-0.4709,-0.4039,-0.7148,-0.5792,-0.6591
VENHQS1IUC1BNU4wOmxpaGNfdGNnYV9wYW5fY2FuX2F0bGFzXzIwMTg,-0.6534,-2.3331,-1.9826,-1.8555,-2.1825,-1.8337,-2.7237,-1.6573,-1.4618,-1.6039,-1.367,0.0955,-1.187,-1.869,-0.778,-2.2108,-1.2789,-1.5092,-2.1067,-1.8481
VENHQS1LNy1BNVJGOmxpaGNfdGNnYV9wYW5fY2FuX2F0bGFzXzIwMTg,-1.8729,-1.3359,-1.4125,-1.6191,-1.6535,-1.9346,-1.9292,-1.8186,-3.1209,-1.5759,-1.0135,-1.2619,-0.7369,-1.222,-0.8983,-1.6088,-1.2121,-2.0607,-1.8422,-1.6702
VENHQS1LNy1BNVJHOmxpaGNfdGNnYV9wYW5fY2FuX2F0bGFzXzIwMTg,0.8231,0.2562,0.5276,1.2248,0.9424,0.5098,0.5163,0.1259,0.5743,0.9261,1.3083,0.9192,1.1805,1.4307,1.3036,0.5974,0.4814,0.6058,0.9763,1.0113
VENHQS1LNy1BNkc1OmxpaGNfdGNnYV9wYW5fY2FuX2F0bGFzXzIwMTg,-0.4881,-0.7319,-0.1164,-0.436,-0.8398,-0.0753,-0.2118,-0.243,-0.0421,-0.1616,-1.0481,-1.1965,0.2641,-0.5058,-1.0784,-0.8818,-0.3346,-0.5559,-0.6121,-0.9632
VENHQS1LNy1BQVU3OmxpaGNfdGNnYV9wYW5fY2FuX2F0bGFzXzIwMTg,0.0925,0.2048,-0.0349,0.8837,0.887,0.6228,0.1187,0.7639,-0.4185,1.0603,0.092,0.1086,1.2421,-0.0944,0.3048,1.0839,-0.4189,0.9126,0.5196,0.6343
VENHQS1LUi1BN0s3OmxpaGNfdGNnYV9wYW5fY2FuX2F0bGFzXzIwMTg,0.8751,1.4099,2.2486,1.0663,0.5818,1.5216,0.6053,0.5971,1.0415,0.7109,0.5129,0.5616,0.6808,0.8552,1.56,0.7779,1.3657,0.5149,0.6889,0.9822
VENHQS1LUi1BN0s4OmxpaGNfdGNnYV9wYW5fY2FuX2F0bGFzXzIwMTg,-0.1788,-0.3129,0.3489,0.2136,0.0693,0.0849,0.065,-0.0737,0.5677,0.4092,-0.6754,-1.1912,-1.1395,-0.4521,-0.6386,-0.3736,-0.537,-0.2275,-0.045,0.0891
VENHQS1LUi1BN0swOmxpaGNfdGNnYV9wYW5fY2FuX2F0bGFzXzIwMTg,0.0495,-0.4843,-1.0466,-0.3256,-0.1773,-0.3677,-0.0585,-0.3973,-0.4384,-0.1185,-1.1984,-1.6582,-1.0817,-1.2566,-1.4911,-0.4656,-0.6257,-0.0789,-0.265,0.005
VENHQS1LUi1BN0syOmxpaGNfdGNnYV9wYW5fY2FuX2F0bGFzXzIwMTg,-0.1136,-0.5815,0.3905,-0.4205,-0.6197,-0.2099,-0.4234,0.0837,0.2384,-0.4187,-0.8949,-0.8303,-0.8878,-1.1689,-0.7174,-0.1733,-0.8388,-0.6994,-0.3129,-0.0906
VENHQS1MRy1BNkdHOmxpaGNfdGNnYV9wYW5fY2FuX2F0bGFzXzIwMTg,0.1885,0.2407,-1.1237,0.3473,-0.3081,0.184,-0.2364,-0.2643,0.0215,-0.5005,-0.5134,0.0086,-0.4288,-0.1362,0.0219,-0.2265,-0.1,-0.9145,-0.2577,0.0879
VENHQS1MRy1BOVFDOmxpaGNfdGNnYV9wYW5fY2FuX2F0bGFzXzIwMTg,-0.471,-0.9137,-0.3379,-0.9945,-0.1671,-0.8216,-0.6863,-0.3589,-0.4241,-1.1524,-1.5941,-1.0116,-0.9248,-0.6602,-0.8424,-0.496,-0.3627,0.4222,-0.6221,-0.6153
VENHQS1MRy1BOVFEOmxpaGNfdGNnYV9wYW5fY2FuX2F0bGFzXzIwMTg,-2.6617,-1.2255,-1.7332,-1.841,-1.7538,-1.9193,-2.6716,-1.7954,-2.2768,-1.8905,-1.551,-1.5337,-0.6177,-2.2373,-1.2199,-2.1802,-0.6557,-1.6511,-2.2791,-1.9547
VENHQS1NSS1BNzVDOmxpaGNfdGNnYV9wYW5fY2FuX2F0bGFzXzIwMTg,-0.1433,-0.5787,0.3474,-0.006,-0.1981,0.0507,0.1329,-0.269,0.3718,-0.0037,-0.2935,-0.7884,-1.0765,-0.1873,-0.3606,-0.2455,0.2717,-0.1793,-0.4566,-0.2074
VENHQS1NSS1BNzVFOmxpaGNfdGNnYV9wYW5fY2FuX2F0bGFzXzIwMTg,0.0703,-0.4073,-0.2535,-0.1768,-0.3485,-0.4583,0.0228,-0.7252,-0.0841,-0.4331,-0.7934,-0.7235,-0.7514,-0.4955,-0.1494,-0.3363,-0.413,-0.6491,-0.3712,-1.0232
VENHQS1NSS1BNzVHOmxpaGNfdGNnYV9wYW5fY2FuX2F0bGFzXzIwMTg,-1.0751,0.9238,-0.6222,-1.3684,-1.0461,-0.5702,-0.7665,-0.8263,-0.5872,-0.8985,-1.0398,-0.5108,-1.0745,-0.8227,0.1014,-1.4149,0.1403,-1.4404,-1.92,-0.9413
VENHQS1NSS1BNzVIOmxpaGNfdGNnYV9wYW5fY2FuX2F0bGFzXzIwMTg,-0.6955,0.4181,0.0567,-0.9006,-0.501,-0.7637,-0.3928,-0.3906,-0.5709,-0.6105,-0.4722,0.922,-0.2496,0.0263,-0.5707,-0.7447,0.8426,0.1304,-0.6066,-0.7125
VENHQS1NSS1BNzVJOmxpaGNfdGNnYV9wYW5fY2FuX2F0bGFzXzIwMTg,0.0783,0.3402,0.301,0.9543,0.7113,0.8786,0.5416,0.6768,0.5019,0.8085,0.1672,0.7948,0.3566,0.5308,0.3259,0.3584,0.0298,0.4197,0.644,-0.1186
VENHQS1NUi1BNTIwOmxpaGNfdGNnYV9wYW5fY2FuX2F0bGFzXzIwMTg,-1.0521,-1.5082,-1.8818,-1.5928,-1.6676,-1.4031,-2.1877,-1.8919,-1.7186,-1.8538,-1.643,-1.5572,-0.8024,-1.7047,-1.6812,-1.8821,-1.122,-1.7301,-1.44,-1.7591
VENHQS1NUi1BOEpPOmxpaGNfdGNnYV9wYW5fY2FuX2F0bGFzXzIwMTg,-0.6407,0.1984,-0.2458,-0.5053,-0.3017,-0.6327,-0.5192,-0.2265,-0.4944,-0.1784,-1.0341,-0.412,0.5092,-0.3069,-1.3621,1.0029,-0.8068,-0.2933,-0.7337,-0.4686
VENHQS1OSS1BNFUyOmxpaGNfdGNnYV9wYW5fY2FuX2F0bGFzXzIwMTg,-0.1374,0.0031,-1.6015,-1.2528,-1.4476,-0.8219,-0.797,-1.3823,-0.9472,-0.362,-1.5336,-1.1569,-1.0785,-0.9802,-1.5492,-1.4606,-1.2451,-1.299,-1.2901,-0.8104
VENHQS1OSS1BOExGOmxpaGNfdGNnYV9wYW5fY2FuX2F0bGFzXzIwMTg,-1.0754,-1.5601,-0.4504,-0.5844,0.0396,-0.6819,-1.0241,-0.3795,-0.3995,-0.5039,-1.5012,-1.0492,-1.1909,-2.5645,-1.4012,-0.4807,-0.8343,0.1368,-0.4163,-0.824
VENHQS1POC1BNzVWOmxpaGNfdGNnYV9wYW5fY2FuX2F0bGFzXzIwMTg,-0.0459,0.2744,-0.308,-0.2669,-0.5928,-0.0645,-0.1337,-0.2579,0.1292,-1.0884,-0.4481,-0.3109,0.7392,-0.6684,-0.3627,-0.427,-0.2413,-0.4284,-0.2491,-0.1303
VENHQS1QRC1BNURGOmxpaGNfdGNnYV9wYW5fY2FuX2F0bGFzXzIwMTg,0.2838,-0.0391,0.0899,0.6257,0.7137,0.3256,0.5013,0.6234,0.3509,0.8657,0.5178,-0.1732,0.0274,0.5168,0.1242,-0.063,0.6365,0.3224,0.5992,0.5332
VENHQS1RQS1BN0I3OmxpaGNfdGNnYV9wYW5fY2FuX2F0bGFzXzIwMTg,1.7846,1.1722,0.7976,1.8194,1.1111,1.4973,1.587,1.1158,1.5006,1.8174,2.672,1.6086,0.8443,2.4347,0.9693,0.8731,1.7049,1.6825,1.7042,1.6906
VENHQS1SQy1BN1M5OmxpaGNfdGNnYV9wYW5fY2FuX2F0bGFzXzIwMTg,1.2741,0.9342,1.227,0.8794,0.7822,1.3295,1.0604,1.4487,0.9307,1.4756,0.6183,2.1746,1.0977,1.3956,0.6995,1.0085,2.0776,0.6094,1.0641,1.0846
VENHQS1SQy1BN1NCOmxpaGNfdGNnYV9wYW5fY2FuX2F0bGFzXzIwMTg,0.0637,-0.0454,-0.1015,0.3291,0.3356,0.0594,0.2614,-0.2663,0.7177,0.0602,0.0931,0.0098,0.1787,-0.059,0.1116,-0.4016,0.1105,-0.2757,0.0699,0.4955
VENHQS1SQy1BN1NGOmxpaGNfdGNnYV9wYW5fY2FuX2F0bGFzXzIwMTg,0.1303,-0.415,0.3204,-0.1736,0.1179,0.6274,0.2824,0.2601,0.6053,0.2812,-0.1787,-0.1973,0.6702,0.2172,-0.0257,0.0252,0.9483,-0.5983,0.0332,0.344
VENHQS1SQy1BN1NIOmxpaGNfdGNnYV9wYW5fY2FuX2F0bGFzXzIwMTg,0.0855,0.008,0.8283,-0.0231,0.7534,0.2662,0.5339,0.9143,-0.1235,0.2569,0.3815,-0.1616,-0.9127,-0.3329,-0.288,0.9823,-0.6738,-0.408,0.3075,0.7031
VENHQS1SQy1BN1NLOmxpaGNfdGNnYV9wYW5fY2FuX2F0bGFzXzIwMTg,-0.294,-0.1739,-0.3375,-0.1749,-0.0655,-0.1373,-0.0386,-0.5718,-0.0391,-0.2498,-0.5571,0.0017,-1.0894,0.0805,-0.2205,-0.8256,-0.138,-0.3879,-0.5421,0.7412
VENHQS1SQy1BNk00OmxpaGNfdGNnYV9wYW5fY2FuX2F0bGFzXzIwMTg,0.1079,-0.7725,-0.0923,0.4557,0.0704,0.0184,0.1762,0.1755,0.3989,-0.0872,0.6725,0.7583,-0.6289,0.8453,0.5679,-0.5815,1.0583,-0.0733,0.1507,-0.4559
VENHQS1SQy1BNk01OmxpaGNfdGNnYV9wYW5fY2FuX2F0bGFzXzIwMTg,-1.9478,-0.2739,-2.1933,-2.0951,-1.8839,-1.5117,-2.2891,-1.8754,-0.9775,-1.5428,-1.9939,-1.0583,-0.4746,-1.5039,-1.7147,0.7539,-1.2773,-0.9524,-2.1411,-2.1831
VENHQS1SQy1BNk02OmxpaGNfdGNnYV9wYW5fY2FuX2F0bGFzXzIwMTg,0.6472,1.2243,1.1749,1.5043,1.4711,1.7028,1.5629,0.9473,0.6877,1.5411,1.0855,0.8841,1.2484,1.2649,2.5988,1.0673,-0.3397,0.8671,0.8251,1.056
VENHQS1SQy1BNk0zOmxpaGNfdGNnYV9wYW5fY2FuX2F0bGFzXzIwMTg,0.6071,0.6553,0.6248,1.0579,1.0133,1.2768,0.9872,1.3167,0.5789,1.2509,1.0323,1.7247,1.0442,1.2536,1.6813,1.5222,1.2555,1.2564,0.6949,1.3612
VENHQS1SRy1BN0Q0OmxpaGNfdGNnYV9wYW5fY2FuX2F0bGFzXzIwMTg,0.5783,0.9556,1.0354,1.3285,0.9783,1.5159,1.0205,0.8868,0.7704,0.8985,1.4123,1.8922,1.2351,1.3742,1.6442,0.3776,2.0551,1.1572,1.381,1.4092
VENHQS1VQi1BN01BOmxpaGNfdGNnYV9wYW5fY2FuX2F0bGFzXzIwMTg,0.5331,0.4489,1.9777,1.2939,0.9358,0.7135,1.2687,1.3441,0.5198,1.2566,0.7756,1.8949,-0.4026,0.549,0.765,1.3156,0.8453,1.5556,1.4507,0.7513
VENHQS1VQi1BN01COmxpaGNfdGNnYV9wYW5fY2FuX2F0bGFzXzIwMTg,0.4264,0.3842,0.8661,1.3151,1.4438,0.8453,1.1583,1.2098,0.8765,1.8364,2.07,1.8176,1.7147,1.9698,1.0896,1.3803,1.55,1.5477,1.4927,1.2347
VENHQS1VQi1BN01DOmxpaGNfdGNnYV9wYW5fY2FuX2F0bGFzXzIwMTg,1.3092,-0.271,0.6764,0.908,1.0452,0.0642,-0.3134,1.04,0.7215,0.0756,1.5121,0.7255,1.1378,0.8737,1.0567,1.1521,1.1094,1.5366,1.2373,1.115
VENHQS1VQi1BN01EOmxpaGNfdGNnYV9wYW5fY2FuX2F0bGFzXzIwMTg,0.2542,0.1353,-0.4807,0.4299,0.3053,0.1301,-0.1441,-0.6718,-0.2476,0.3158,-0.2575,-1.3771,0.016,-0.3877,0.2511,-0.3154,-0.9346,0.3227,-0.0478,0.6904
VENHQS1VQi1BN01FOmxpaGNfdGNnYV9wYW5fY2FuX2F0bGFzXzIwMTg,0.2186,0.2182,0.4449,0.4683,-0.2723,0.0661,0.7757,0.3326,0.7855,-0.0095,-0.0392,-0.053,1.0194,-0.1471,-0.066,-0.1986,-0.6117,0.5069,0.3204,0.809
VENHQS1VQi1BN01GOmxpaGNfdGNnYV9wYW5fY2FuX2F0bGFzXzIwMTg,0.6723,1.0383,1.1937,0.4532,0.736,0.7146,0.8791,0.9283,1.0883,0.4226,1.6898,1.3511,0.6176,1.2129,0.3703,0.853,1.551,0.4425,0.8043,0.6805
VENHQS1VQi1BQTBVOmxpaGNfdGNnYV9wYW5fY2FuX2F0bGFzXzIwMTg,1.001,0.6407,0.2227,0.8992,0.7232,0.0748,0.522,0.9179,0.1397,0.9208,1.1947,1.5155,1.7694,1.6693,0.933,0.5388,2.0365,0.6853,1.1084,0.237
VENHQS1VQi1BQTBWOmxpaGNfdGNnYV9wYW5fY2FuX2F0bGFzXzIwMTg,-1.1701,-2.7784,-2.2511,-1.9704,-1.3148,-1.7536,-2.0367,-1.8424,-2.158,-1.4281,-0.3195,-0.7588,-0.3747,-0.2982,-0.3379,-1.4553,-0.4736,-1.8453,-1.8759,-1.8073
VENHQS1XSi1BODZMOmxpaGNfdGNnYV9wYW5fY2FuX2F0bGFzXzIwMTg,0.4757,-0.3595,-0.5314,-0.0743,0.3613,-0.5303,-0.2097,0.1028,-0.3367,0.2294,-0.7749,-1.061,-0.3534,-1.556,-0.7038,0.5037,-1.1456,-0.0036,0.375,0.3712
VENHQS1XUS1BOUc3OmxpaGNfdGNnYV9wYW5fY2FuX2F0bGFzXzIwMTg,1.0449,1.0474,1.568,0.9798,0.7487,0.9706,0.9649,1.1155,0.8863,1.2309,-0.1242,0.3193,-0.1398,-0.36,0.779,1.0502,-0.1093,0.9377,0.4511,1.2017
VENHQS1XUS1BQjRCOmxpaGNfdGNnYV9wYW5fY2FuX2F0bGFzXzIwMTg,-0.4998,0.2561,0.4174,-0.35,-0.0637,0.3704,-0.6734,-0.2032,-0.1785,0.2167,-1.7753,-1.9527,-1.6995,-1.7478,-0.5445,-0.4396,0.0491,-0.8111,-0.4692,-0.1039
VENHQS1XWC1BQTQ0OmxpaGNfdGNnYV9wYW5fY2FuX2F0bGFzXzIwMTg,0.6706,-0.3204,0.2366,0.1386,0.7377,0.1013,0.2893,0.6743,-0.2271,0.4935,1.1707,1.9034,0.864,1.1502,-0.434,0.4037,0.0958,0.2559,0.7247,0.3625
VENHQS1XWC1BQTQ2OmxpaGNfdGNnYV9wYW5fY2FuX2F0bGFzXzIwMTg,-2.2016,-2.5034,-1.3886,-2.3589,-2.0129,-2.3211,-2.4011,-2.0029,-2.707,-1.5464,-1.362,-1.7244,-1.0978,-1.2882,-0.6593,-1.7755,-0.7707,-2.5192,-2.0879,-2.143
VENHQS1XWC1BQTQ3OmxpaGNfdGNnYV9wYW5fY2FuX2F0bGFzXzIwMTg,-0.4782,0.5792,0.1707,-0.7082,-0.276,0.2162,-0.7522,-0.1969,-0.8684,0.09,-1.3773,-0.8029,-0.9411,-0.601,-1.9628,1.0005,0.0608,-0.3185,-0.4145,0.2559
VENHQS1YUi1BOFREOmxpaGNfdGNnYV9wYW5fY2FuX2F0bGFzXzIwMTg,0.8461,1.2563,0.4736,1.1635,0.85,0.9128,1.0141,0.5256,1.2287,1.1642,0.7666,0.5141,0.1529,-0.0106,0.599,0.39,-0.3068,0.5072,0.8327,1.2223
VENHQS1YUi1BOFRFOmxpaGNfdGNnYV9wYW5fY2FuX2F0bGFzXzIwMTg,-1.4402,-2.8468,-1.2547,-1.8626,-1.0843,-1.9897,-1.4135,-1.3596,-0.993,-1.3037,-1.0992,-1.1319,-1.3062,-0.7096,-1.0067,-1.5641,-2.7921,-0.211,-1.0858,-1.1554
VENHQS1YUi1BOFRGOmxpaGNfdGNnYV9wYW5fY2FuX2F0bGFzXzIwMTg,0.042,0.1689,0.1216,-0.2929,-0.2038,-0.1321,-0.0228,0.0874,0.1427,-0.3607,-0.7723,-0.614,-0.707,-0.4532,0.2427,0.0109,-0.9422,0.0314,-0.3032,-0.2499
VENHQS1YUi1BOFRHOmxpaGNfdGNnYV9wYW5fY2FuX2F0bGFzXzIwMTg,1.2404,0.7011,0.2323,1.0247,1.0269,0.3545,0.9106,0.9418,0.3329,0.5687,0.7869,0.0087,0.5523,0.4742,-0.1084,1.3021,1.1576,0.9958,1.2005,0.8893
VENHQS1ZQS1BOFM3OmxpaGNfdGNnYV9wYW5fY2FuX2F0bGFzXzIwMTg,0.7509,0.4335,0.754,0.8417,1.0701,1.2902,1.1683,1.2297,1.0938,1.5715,0.5469,0.2292,1.054,0.8192,0.9139,1.1739,1.0476,1.5395,0.6039,1.3769
VENHQS1aUC1BOUNWOmxpaGNfdGNnYV9wYW5fY2FuX2F0bGFzXzIwMTg,-0.3157,0.4722,-0.5931,-0.3359,-0.8289,-0.8623,-0.816,-0.4639,-0.8338,-0.3602,-1.1326,-1.4529,-0.3809,-0.7066,-1.1854,-0.8416,-0.7549,-0.5055,-0.7456,-0.5117
VENHQS1aUC1BOUNZOmxpaGNfdGNnYV9wYW5fY2FuX2F0bGFzXzIwMTg,-0.862,-1.1966,-0.9099,-0.7129,-0.7389,-1.0395,-0.6925,-0.8594,-1.3131,-0.6265,-0.9103,-0.8811,-0.6595,-0.6536,-0.9264,-0.7286,-0.2705,-0.7449,-0.6305,-0.4031
VENHQS1aUC1BOUNaOmxpaGNfdGNnYV9wYW5fY2FuX2F0bGFzXzIwMTg,0.6343,1.1215,1.3012,1.0415,1.1789,0.9559,1.0682,1.1261,1.0378,1.3407,1.4132,1.556,0.6167,1.7511,0.6514,1.3441,2.0349,0.8682,1.2939,0.9499
VENHQS1aUC1BOUQ0OmxpaGNfdGNnYV9wYW5fY2FuX2F0bGFzXzIwMTg,-0.7018,-0.9555,-1.0259,-0.1609,-0.4732,-1.1874,-0.5834,-0.5741,-0.8166,-0.3659,0.1241,-0.7177,-1.0437,-0.4096,-0.8782,-0.3487,-0.2124,-0.191,0.1976,-0.2799
VENHQS1aUC1BOUQwOmxpaGNfdGNnYV9wYW5fY2FuX2F0bGFzXzIwMTg,-0.1757,2.5856,-1.4378,-0.8061,-0.6399,-0.7278,-0.9733,-1.0527,-1.0642,-0.8239,-1.2148,-1.3775,-0.3124,-0.9071,-0.9833,-0.9147,-1.3228,-0.694,-0.8527,-0.7013
VENHQS1aUC1BOUQxOmxpaGNfdGNnYV9wYW5fY2FuX2F0bGFzXzIwMTg,-0.588,-0.3193,-1.1805,-0.4711,-0.7454,-1.0795,-1.1529,-1.1556,-0.5445,-0.4259,-1.5697,-1.4656,-1.0119,-1.0392,-0.7496,-0.8686,-0.8348,-1.564,-1.0482,-0.9659
VENHQS1aUC1BOUQyOmxpaGNfdGNnYV9wYW5fY2FuX2F0bGFzXzIwMTg,0.5971,-0.4774,-0.6027,0.5784,0.9278,-0.3098,0.0831,0.3976,-0.4811,0.6419,0.2689,-0.0935,0.4957,0.5919,-0.7546,0.7671,-0.4435,0.7815,0.6913,0.7129
VENHQS1aUy1BOUNEOmxpaGNfdGNnYV9wYW5fY2FuX2F0bGFzXzIwMTg,-1.4212,-0.9927,-0.8324,-1.57,-1.0129,-1.4864,-1.1306,-1.757,-0.9004,-1.5536,-1.0607,-1.2196,-0.5981,-1.8055,-1.3975,-1.552,-0.8435,-1.8698,-1.2673,-1.369
VENHQS1aUy1BOUNFOmxpaGNfdGNnYV9wYW5fY2FuX2F0bGFzXzIwMTg,-0.1198,-0.8152,-0.9817,-0.2615,-0.3781,-0.1274,-0.1888,-0.6643,-0.1841,-0.2526,-0.1792,-0.5069,-0.1876,0.0641,-0.5095,-0.5191,-0.0244,-0.9188,-0.4402,-0.5808
VENHQS1aUy1BOUNGOmxpaGNfdGNnYV9wYW5fY2FuX2F0bGFzXzIwMTg,1.2021,0.4508,0.5399,1.1109,0.3045,0.5113,1.0539,1.1862,0.5877,1.4557,0.4616,-0.4409,0.2625,-0.1966,-0.5148,1.3128,0.8204,1.1625,1.3441,0.4803
VENHQS1aUy1BOUNHOmxpaGNfdGNnYV9wYW5fY2FuX2F0bGFzXzIwMTg,-2.0507,-1.8606,-1.8611,-2.3246,-2.0212,-2.7249,-2.6872,-1.9596,-2.1052,-2.7818,-0.9909,-1.0343,-0.0428,-1.1513,-1.0599,-2.4048,-0.7699,0.2916,-2.4587,-1.9681
