,T,E,AGE,SEX,AJCC_PATHOLOGIC_TUMOR_STAGE,GRADE,TMB_NONSYNONYMOUS,scoreA,groupA,scoreB,groupB
VENHQS00Ui1BQThJOmxpaGNfdGNnYV9wYW5fY2FuX2F0bGFzXzIwMTg,8.613604235,1,66.0,Male,STAGE II,G2,35.66666667,0.042529580528462244,1,-0.13509480413967861,0
VENHQS01Qy1BOVZHOmxpaGNfdGNnYV9wYW5fY2FuX2F0bGFzXzIwMTg,10.78344347,0,58.0,Male,STAGE II,G2,4.266666667,-0.3875032988284532,0,0.27480414624613153,1
VENHQS01Qy1BOVZIOmxpaGNfdGNnYV9wYW5fY2FuX2F0bGFzXzIwMTg,10.58618536,0,70.0,Male,STAGE I,G2,3.166666667,-0.13378807429849213,0,-0.14243551216354616,0
VENHQS01Qy1BQVBEOmxpaGNfdGNnYV9wYW5fY2FuX2F0bGFzXzIwMTg,0.657527041,0,61.0,Male,STAGE II,G1,2.233333333,0.420796700310072,1,0.07411931901079083,1
VENHQS01Ui1BQTFDOmxpaGNfdGNnYV9wYW5fY2FuX2F0bGFzXzIwMTg,17.09570306,0,57.0,Male,STAGE II,G2,2.833333333,0.14433470519292851,1,0.17620994856599628,1
VENHQS01Ui1BQTFEOmxpaGNfdGNnYV9wYW5fY2FuX2F0bGFzXzIwMTg,14.76148207,0,17.0,Female,STAGE IIIA,G3,0.5,-0.06544839143038234,0,-0.483274130697803,0
VENHQS01Ui1BQUFNOmxpaGNfdGNnYV9wYW5fY2FuX2F0bGFzXzIwMTg,1.512312194,1,65.0,Female,STAGE II,G2,2.666666667,-0.20914230668752246,0,-0.3970924375040264,0
VENHQS0yWS1BOUdTOmxpaGNfdGNnYV9wYW5fY2FuX2F0bGFzXzIwMTg,23.80247888,1,58.0,Male,STAGE IV,G2,2.166666667,0.5360604959536865,1,0.8671556412310049,1
VENHQS0yWS1BOUdUOmxpaGNfdGNnYV9wYW5fY2FuX2F0bGFzXzIwMTg,53.39119571,1,51.0,Male,STAGE I,G2,2.766666667,-0.3370525588248282,0,-0.22670468272971026,0
VENHQS0yWS1BOUdVOmxpaGNfdGNnYV9wYW5fY2FuX2F0bGFzXzIwMTg,63.74724661,0,55.0,Female,STAGE I,G2,4.666666667,-0.5412133587225808,0,-0.416055415411061,0
VENHQS0yWS1BOUdWOmxpaGNfdGNnYV9wYW5fY2FuX2F0bGFzXzIwMTg,83.24292337,1,54.0,Female,STAGE I,G1,2.066666667,-0.375040092849864,0,-0.4267321321652352,0
VENHQS0yWS1BOUdXOmxpaGNfdGNnYV9wYW5fY2FuX2F0bGFzXzIwMTg,41.78584344,1,64.0,Male,STAGE I,G2,2.333333333,0.15587570194475275,1,0.1083611223980891,1
VENHQS0yWS1BOUdYOmxpaGNfdGNnYV9wYW5fY2FuX2F0bGFzXzIwMTg,80.28405168,0,68.0,Male,STAGE I,G2,1.833333333,0.11615629553178028,1,0.0018073211053292377,0
VENHQS0yWS1BOUdZOmxpaGNfdGNnYV9wYW5fY2FuX2F0bGFzXzIwMTg,24.88739849,1,64.0,Female,STAGE II,G3,2.233333333,0.590262093464737,1,0.9361974386087757,1
VENHQS0yWS1BOUdaOmxpaGNfdGNnYV9wYW5fY2FuX2F0bGFzXzIwMTg,27.87914653,1,82.0,Female,STAGE II,G2,2.8,-0.29312709987900143,0,0.3064736705882683,1
VENHQS0yWS1BOUg0OmxpaGNfdGNnYV9wYW5fY2FuX2F0bGFzXzIwMTg,47.73646316,0,68.0,Male,STAGE I,G2,2.166666667,-0.17916385706836893,0,-0.7936388783460443,0
VENHQS0yWS1BOUg1OmxpaGNfdGNnYV9wYW5fY2FuX2F0bGFzXzIwMTg,18.24637538,1,59.0,Female,STAGE I,G3,2.433333333,-0.18901300644862315,0,0.12721299143519657,1
VENHQS0yWS1BOUg2OmxpaGNfdGNnYV9wYW5fY2FuX2F0bGFzXzIwMTg,11.73685768,0,68.0,Female,STAGE I,G2,1.766666667,-0.4561213917086458,0,-0.2522301392857306,0
VENHQS0yWS1BOUg3OmxpaGNfdGNnYV9wYW5fY2FuX2F0bGFzXzIwMTg,38.39957918,0,81.0,Female,STAGE I,G2,2.566666667,-0.1709307459218313,0,-0.33097901468861335,0
VENHQS0yWS1BOUg4OmxpaGNfdGNnYV9wYW5fY2FuX2F0bGFzXzIwMTg,20.81073084,1,85.0,Female,STAGE II,G2,2.2,-0.1356742794581791,0,0.051203446842409045,1
VENHQS0yWS1BOUg5OmxpaGNfdGNnYV9wYW5fY2FuX2F0bGFzXzIwMTg,22.91481737,0,70.0,Male,STAGE I,G2,4.066666667,-0.12542969116898248,0,0.17230537809380617,1
VENHQS0yWS1BOUgwOmxpaGNfdGNnYV9wYW5fY2FuX2F0bGFzXzIwMTg,120.8205938,0,49.0,Male,STAGE IIIA,G1,2.4,0.23694920784295714,1,0.6753426832081171,1
VENHQS0yWS1BOUgxOmxpaGNfdGNnYV9wYW5fY2FuX2F0bGFzXzIwMTg,40.40503666,1,58.0,Male,STAGE I,G2,4.033333333,-0.3677065966296662,0,-0.7430584796516324,0
VENHQS0yWS1BOUgyOmxpaGNfdGNnYV9wYW5fY2FuX2F0bGFzXzIwMTg,56.90896538,0,64.0,Female,STAGE I,G3,1.766666667,0.04102598392965348,1,0.3492419543282729,1
VENHQS0yWS1BOUgzOmxpaGNfdGNnYV9wYW5fY2FuX2F0bGFzXzIwMTg,49.84054969,0,45.0,Male,STAGE II,G1,5.7,-0.3469853313667546,0,-0.4968404059373339,0
VENHQS0yWS1BOUhBOmxpaGNfdGNnYV9wYW5fY2FuX2F0bGFzXzIwMTg,1.183548673,1,70.0,Male,STAGE II,G2,4.666666667,0.21300169794501814,1,0.33832844194633155,1
VENHQS0yWS1BOUhCOmxpaGNfdGNnYV9wYW5fY2FuX2F0bGFzXzIwMTg,8.54785153,0,66.0,Male,STAGE I,G2,2.266666667,-0.2573173350028304,0,-0.05558148986691467,0
VENHQS0zSy1BQVo4OmxpaGNfdGNnYV9wYW5fY2FuX2F0bGFzXzIwMTg,13.01903541,0,65.0,Male,STAGE IIIB,G1,4.266666667,-0.36764602129973795,0,-0.7602799698152265,0
VENHQS1CQy00MDcyOmxpaGNfdGNnYV9wYW5fY2FuX2F0bGFzXzIwMTg,48.98576454,1,74.0,Female,STAGE IIIA,G3,0,0.18827886005665959,1,0.01538241464687232,0
VENHQS1CQy00MDczOmxpaGNfdGNnYV9wYW5fY2FuX2F0bGFzXzIwMTg,27.91202288,0,73.0,Male,STAGE IIIA,G3,4.166666667,0.5037337242857776,1,0.2983168878236054,1
VENHQS1CQy1BM0tGOmxpaGNfdGNnYV9wYW5fY2FuX2F0bGFzXzIwMTg,0.263010816,0,66.0,Female,STAGE I,G2,2.7,-0.12037323901702457,0,-0.2876988026629363,0
VENHQS1CQy1BM0tHOmxpaGNfdGNnYV9wYW5fY2FuX2F0bGFzXzIwMTg,22.35591939,0,68.0,Female,STAGE II,G3,0,0.08918896032015398,1,0.21313584419800924,1
VENHQS1CQy1BMTBROmxpaGNfdGNnYV9wYW5fY2FuX2F0bGFzXzIwMTg,37.31465957,1,72.0,Female,,,1.133333333,0.03182261786037916,1,0.006820872851327856,0
VENHQS1CQy1BMTBSOmxpaGNfdGNnYV9wYW5fY2FuX2F0bGFzXzIwMTg,10.12591643,1,66.0,Female,,G2,3.6,-0.07960288377557209,0,-0.48443248557022367,0
VENHQS1CQy1BMTBTOmxpaGNfdGNnYV9wYW5fY2FuX2F0bGFzXzIwMTg,46.78304895,1,81.0,Male,,G1,,-0.24748530855591552,0,-0.27472612429992455,0
VENHQS1CQy1BMTBUOmxpaGNfdGNnYV9wYW5fY2FuX2F0bGFzXzIwMTg,27.51750666,1,76.0,Male,,G1,2.166666667,0.014848052385953436,1,-0.29468737571039555,0
VENHQS1CQy1BMTBVOmxpaGNfdGNnYV9wYW5fY2FuX2F0bGFzXzIwMTg,27.51750666,1,69.0,Male,,G2,4.266666667,0.2835042661130329,1,0.08352243926580266,1
VENHQS1CQy1BMTBXOmxpaGNfdGNnYV9wYW5fY2FuX2F0bGFzXzIwMTg,2.991748036,1,50.0,Male,,G3,3.1,0.7115920472869061,1,0.9290975135377006,1
VENHQS1CQy1BMTBYOmxpaGNfdGNnYV9wYW5fY2FuX2F0bGFzXzIwMTg,25.31479107,1,52.0,Female,STAGE IIIA,G2,0.033333333,-0.3688521395129734,0,-0.9487407618498291,0
VENHQS1CQy1BMTBZOmxpaGNfdGNnYV9wYW5fY2FuX2F0bGFzXzIwMTg,23.3750863,1,76.0,Male,,G3,1.766666667,-0.23814578496713618,0,-0.0010946067116978022,0
VENHQS1CQy1BMTBaOmxpaGNfdGNnYV9wYW5fY2FuX2F0bGFzXzIwMTg,1.117795969,1,62.0,Female,STAGE I,G2,5.566666667,0.25155252538240985,1,0.26185640479411765,1
VENHQS1CQy1BMTEwOmxpaGNfdGNnYV9wYW5fY2FuX2F0bGFzXzIwMTg,69.56636092,1,51.0,Female,,G1,,-0.3760704205263652,0,-0.8586114069729849,0
VENHQS1CQy1BMTEyOmxpaGNfdGNnYV9wYW5fY2FuX2F0bGFzXzIwMTg,5.030081862,1,80.0,Male,,G2,0,0.6046427643115106,1,0.7215160326841069,1
VENHQS1CQy1BMjE2OmxpaGNfdGNnYV9wYW5fY2FuX2F0bGFzXzIwMTg,44.41595161,0,62.0,Female,STAGE IIIA,G2,2.166666667,0.16863853027087544,1,0.42354847361408626,1
VENHQS1CQy1BMjE3OmxpaGNfdGNnYV9wYW5fY2FuX2F0bGFzXzIwMTg,45.9282638,1,75.0,Female,STAGE II,G3,3.133333333,0.07065543027696246,1,0.27943987967292433,1
VENHQS1CQy1BNVc0OmxpaGNfdGNnYV9wYW5fY2FuX2F0bGFzXzIwMTg,17.98336457,1,69.0,Male,STAGE IIIA,G3,2.233333333,-0.2575108030731701,0,-1.1356901449893235,0
VENHQS1CQy1BNjlIOmxpaGNfdGNnYV9wYW5fY2FuX2F0bGFzXzIwMTg,14.59710031,0,64.0,Male,STAGE II,G3,3.2,0.3285972961370203,1,0.1530385164090603,1
VENHQS1CQy1BNjlJOmxpaGNfdGNnYV9wYW5fY2FuX2F0bGFzXzIwMTg,12.72314824,0,69.0,Male,STAGE I,G1,,-0.5666964944321241,0,-0.7171286761288496,0
VENHQS1CQy1BOFlPOmxpaGNfdGNnYV9wYW5fY2FuX2F0bGFzXzIwMTg,18.47650985,0,66.0,Female,STAGE IIIC,G3,2.133333333,0.4738786884667782,1,0.803946607003447,1
VENHQS1CRC1BM0VQOmxpaGNfdGNnYV9wYW5fY2FuX2F0bGFzXzIwMTg,13.44642798,0,75.0,Female,STAGE I,G2,3.566666667,0.339103623185804,1,0.41001618998247763,1
VENHQS1CRC1BMkw2OmxpaGNfdGNnYV9wYW5fY2FuX2F0bGFzXzIwMTg,44.81046783,0,69.0,Male,,G2,2.333333333,-0.3168782697385524,0,-0.32706109996787824,0
VENHQS1CVy1BNU5POmxpaGNfdGNnYV9wYW5fY2FuX2F0bGFzXzIwMTg,0.657527041,0,50.0,Male,STAGE IIIA,G2,3.7,0.05413671881683557,1,0.16754994993506778,1
VENHQS1DQy01MjU4OmxpaGNfdGNnYV9wYW5fY2FuX2F0bGFzXzIwMTg,4.241049413,1,48.0,Male,STAGE II,G2,4.233333333,0.6796764678196003,1,0.7645648559275742,1
VENHQS1DQy01MjU5OmxpaGNfdGNnYV9wYW5fY2FuX2F0bGFzXzIwMTg,8.21908801,0,60.0,Female,STAGE IIIC,G2,4.6,-0.0730071662928528,0,-0.4822671854752037,0
VENHQS1DQy01MjY0OmxpaGNfdGNnYV9wYW5fY2FuX2F0bGFzXzIwMTg,3.353387908,1,71.0,Male,STAGE IIIA,G2,2.933333333,0.4150663449817591,1,0.059371496564287876,1
VENHQS1DQy01MjYwOmxpaGNfdGNnYV9wYW5fY2FuX2F0bGFzXzIwMTg,2.860242628,1,61.0,Female,STAGE IIIC,G1,1.733333333,0.3485727577478906,1,0.4935858173430044,1
VENHQS1DQy01MjYxOmxpaGNfdGNnYV9wYW5fY2FuX2F0bGFzXzIwMTg,3.189006148,1,44.0,Male,STAGE II,G2,0,0.05854769480108759,1,0.5329958165114409,1
VENHQS1DQy01MjYyOmxpaGNfdGNnYV9wYW5fY2FuX2F0bGFzXzIwMTg,3.38626426,1,67.0,Male,STAGE IIIC,G1,4.166666667,0.36781772235517146,1,0.27591679489502946,1
VENHQS1DQy01MjYzOmxpaGNfdGNnYV9wYW5fY2FuX2F0bGFzXzIwMTg,4.241049413,1,35.0,Male,STAGE IIIA,G1,3.633333333,0.6591094956452368,1,0.8368392697426045,1
VENHQS1DQy1BM005OmxpaGNfdGNnYV9wYW5fY2FuX2F0bGFzXzIwMTg,9.862905612,1,45.0,Male,STAGE IIIA,G3,4.1,0.6798410428361348,1,0.837809653250668,1
VENHQS1DQy1BM01BOmxpaGNfdGNnYV9wYW5fY2FuX2F0bGFzXzIwMTg,9.961534668,1,61.0,Male,STAGE IIIA,G2,1.4,0.5600473242494116,1,0.3007294777893097,1
VENHQS1DQy1BM01COmxpaGNfdGNnYV9wYW5fY2FuX2F0bGFzXzIwMTg,10.35605089,1,36.0,Male,STAGE IIIA,G1,2.4,0.4034875299249001,1,0.7048113401812957,1
VENHQS1DQy1BM01DOmxpaGNfdGNnYV9wYW5fY2FuX2F0bGFzXzIwMTg,11.93411579,0,54.0,Male,STAGE IIIA,G2,3.3,0.3893947496599722,1,0.49853359367679445,1
VENHQS1DQy1BMTIzOmxpaGNfdGNnYV9wYW5fY2FuX2F0bGFzXzIwMTg,7.199921097,0,24.0,Female,STAGE IIIA,G1,2.5,-0.2831908775914759,0,-0.5898539638679161,0
VENHQS1DQy1BMUhUOmxpaGNfdGNnYV9wYW5fY2FuX2F0bGFzXzIwMTg,3.320511556,1,50.0,Male,STAGE IIIA,G3,3.066666667,0.8623799235427695,1,0.8820434865715012,1
VENHQS1DQy1BN0lFOmxpaGNfdGNnYV9wYW5fY2FuX2F0bGFzXzIwMTg,7.134168393,1,57.0,Male,STAGE IIIA,G2,5.066666667,0.23849470557396657,1,0.7547746474380418,1
VENHQS1DQy1BN0lGOmxpaGNfdGNnYV9wYW5fY2FuX2F0bGFzXzIwMTg,21.33675247,1,59.0,Male,STAGE IIIA,G1,3.8,-0.08051828039368246,0,0.19241830884115577,1
VENHQS1DQy1BN0lHOmxpaGNfdGNnYV9wYW5fY2FuX2F0bGFzXzIwMTg,9.83002926,1,47.0,Male,STAGE II,G2,4.466666667,0.5572029099423055,1,0.8474993220057709,1
VENHQS1DQy1BN0lIOmxpaGNfdGNnYV9wYW5fY2FuX2F0bGFzXzIwMTg,11.9998685,0,58.0,Male,STAGE IIIA,G1,22.9,-0.3569821756194203,0,0.18007869814773358,1
VENHQS1DQy1BN0lJOmxpaGNfdGNnYV9wYW5fY2FuX2F0bGFzXzIwMTg,13.11766446,0,54.0,Male,STAGE IIIA,G3,4.866666667,0.46740771200045816,1,0.4470815880087705,1
VENHQS1DQy1BN0lKOmxpaGNfdGNnYV9wYW5fY2FuX2F0bGFzXzIwMTg,12.55876648,0,56.0,Male,STAGE II,G3,4.733333333,0.8708021277201824,1,1.0227492426057747,1
VENHQS1DQy1BN0lLOmxpaGNfdGNnYV9wYW5fY2FuX2F0bGFzXzIwMTg,8.613604235,1,59.0,Male,STAGE IIIA,G3,9.666666667,0.5867307001501904,1,1.1200445250490485,1
VENHQS1DQy1BN0lMOmxpaGNfdGNnYV9wYW5fY2FuX2F0bGFzXzIwMTg,9.139625867,1,61.0,Male,STAGE IIIA,G1,3.3,-0.4354451656746565,0,0.26824987954229995,1
VENHQS1DQy1BNVVDOmxpaGNfdGNnYV9wYW5fY2FuX2F0bGFzXzIwMTg,11.40809416,1,63.0,Male,STAGE IIIA,G3,1.633333333,0.39249773216965095,1,0.7941002285357616,1
VENHQS1DQy1BNVVEOmxpaGNfdGNnYV9wYW5fY2FuX2F0bGFzXzIwMTg,9.99441102,1,45.0,Male,STAGE IIIA,G2,6.1,0.6221134270456868,1,1.0819553472476577,1
VENHQS1DQy1BNVVFOmxpaGNfdGNnYV9wYW5fY2FuX2F0bGFzXzIwMTg,8.942367755,1,48.0,Male,STAGE IIIB,G2,4.066666667,0.5173014409109336,1,0.7604163672411017,1
VENHQS1DQy1BOEhUOmxpaGNfdGNnYV9wYW5fY2FuX2F0bGFzXzIwMTg,4.602689286,1,74.0,Male,STAGE IIIA,G2,6.133333333,0.8425853583113265,1,0.9267806848944385,1
VENHQS1DQy1BOEhVOmxpaGNfdGNnYV9wYW5fY2FuX2F0bGFzXzIwMTg,11.3094651,1,39.0,Female,STAGE IIIA,G3,2.9,0.4398299134627535,1,0.786040731094749,1
VENHQS1DQy1BOEhWOmxpaGNfdGNnYV9wYW5fY2FuX2F0bGFzXzIwMTg,9.172502219,1,51.0,Female,STAGE II,G2,4.2,0.20536243847554964,1,0.44739544948460364,1
VENHQS1DQy1BOUZTOmxpaGNfdGNnYV9wYW5fY2FuX2F0bGFzXzIwMTg,6.93691028,0,55.0,Male,STAGE II,G2,3.266666667,-0.16029391275341523,0,-0.3058879808216518,0
VENHQS1DQy1BOUZXOmxpaGNfdGNnYV9wYW5fY2FuX2F0bGFzXzIwMTg,8.153335306,0,68.0,Male,STAGE IIIA,G2,4.6,0.201319616574037,1,0.2598610765071302,1
VENHQS1ERC1BM0E0OmxpaGNfdGNnYV9wYW5fY2FuX2F0bGFzXzIwMTg,20.12032745,1,37.0,Male,STAGE IIIA,G3,1.3,-0.3195551864115856,0,-0.7712970066553195,0
VENHQS1ERC1BM0E1OmxpaGNfdGNnYV9wYW5fY2FuX2F0bGFzXzIwMTg,102.7386001,1,66.0,Female,STAGE III,G2,2.066666667,-0.2504687448350569,0,-0.28085512699055953,0
VENHQS1ERC1BM0E2OmxpaGNfdGNnYV9wYW5fY2FuX2F0bGFzXzIwMTg,107.111155,1,72.0,Female,STAGE II,G2,0.933333333,-0.17186604384698975,0,-0.2511994032815587,0
VENHQS1ERC1BM0E3OmxpaGNfdGNnYV9wYW5fY2FuX2F0bGFzXzIwMTg,13.77519151,1,67.0,Male,STAGE IIIB,G3,3.966666667,-0.17222098203943453,0,0.18655142702389454,1
VENHQS1ERC1BM0E4OmxpaGNfdGNnYV9wYW5fY2FuX2F0bGFzXzIwMTg,0.361639872,1,75.0,Male,STAGE II,G2,3.733333333,-0.5212627532410936,0,-0.8881124484995914,0
VENHQS1ERC1BM0E5OmxpaGNfdGNnYV9wYW5fY2FuX2F0bGFzXzIwMTg,30.60788375,1,64.0,Female,STAGE IVB,G2,11.26666667,-0.4252729695899743,0,-0.5448845486796126,0
VENHQS1ERC1BM0ExOmxpaGNfdGNnYV9wYW5fY2FuX2F0bGFzXzIwMTg,7.660190025,1,65.0,Male,STAGE IIIA,G2,0,0.19130380418311446,1,0.5521351965990211,1
VENHQS1ERC1BM0EyOmxpaGNfdGNnYV9wYW5fY2FuX2F0bGFzXzIwMTg,70.0595062,1,76.0,Female,STAGE I,G1,2.366666667,-0.4741445625293602,0,-0.7418074510083696,0
VENHQS1ERC1BM0EzOmxpaGNfdGNnYV9wYW5fY2FuX2F0bGFzXzIwMTg,17.58884834,1,45.0,Male,STAGE I,G2,1.633333333,-0.22103394957816108,0,-0.2446020216373392,0
VENHQS1ERC1BMTE0OmxpaGNfdGNnYV9wYW5fY2FuX2F0bGFzXzIwMTg,37.77492849,1,42.0,Male,STAGE II,G3,6.566666667,0.642535307503813,1,0.3003326338338346,1
VENHQS1ERC1BMTE1OmxpaGNfdGNnYV9wYW5fY2FuX2F0bGFzXzIwMTg,83.57168689,1,53.0,Male,STAGE IIIA,G2,5.333333333,0.19280599058641862,1,0.11440280444738023,1
VENHQS1ERC1BMTE2OmxpaGNfdGNnYV9wYW5fY2FuX2F0bGFzXzIwMTg,53.32544301,1,68.0,Male,STAGE IIIA,G3,3.466666667,-0.11537594347935208,0,0.05660747800305324,1
VENHQS1ERC1BMTE4OmxpaGNfdGNnYV9wYW5fY2FuX2F0bGFzXzIwMTg,112.996022,0,77.0,Female,STAGE II,G2,3.633333333,-0.3159785081787125,0,-0.26841811998490317,0
VENHQS1ERC1BMTE5OmxpaGNfdGNnYV9wYW5fY2FuX2F0bGFzXzIwMTg,7.331426505,1,40.0,Male,STAGE IV,G3,4.133333333,-0.22666825738473056,0,-0.2473588317549145,0
VENHQS1ERC1BMTEzOmxpaGNfdGNnYV9wYW5fY2FuX2F0bGFzXzIwMTg,79.7251537,0,55.0,Female,STAGE II,G3,8.933333333,0.350801762066426,1,0.5110287199926153,1
VENHQS1ERC1BMTFBOmxpaGNfdGNnYV9wYW5fY2FuX2F0bGFzXzIwMTg,2.597231811,0,67.0,Male,STAGE I,G3,4.066666667,-0.018765058890830046,0,-0.05911848519929071,0
VENHQS1ERC1BMTFCOmxpaGNfdGNnYV9wYW5fY2FuX2F0bGFzXzIwMTg,0.460268929,1,73.0,Male,STAGE I,G2,2.9,-0.3666019452164594,0,-0.8905777020689525,0
VENHQS1ERC1BMTFDOmxpaGNfdGNnYV9wYW5fY2FuX2F0bGFzXzIwMTg,21.76414505,0,69.0,Male,STAGE I,G3,2.733333333,-0.14212488570739248,0,0.23348388672238427,1
VENHQS1ERC1BMTFEOmxpaGNfdGNnYV9wYW5fY2FuX2F0bGFzXzIwMTg,51.28710918,1,57.0,Female,STAGE I,G2,3.766666667,-0.39241667087138943,0,-1.0091690711738401,0
VENHQS1ERC1BMUVBOmxpaGNfdGNnYV9wYW5fY2FuX2F0bGFzXzIwMTg,79.39639018,0,68.0,Male,STAGE II,G2,0,0.016362240904229764,1,-0.052987514803981374,0
VENHQS1ERC1BMUVCOmxpaGNfdGNnYV9wYW5fY2FuX2F0bGFzXzIwMTg,66.31160207,0,72.0,Female,STAGE I,G2,5.3,-0.31459758387760633,0,-0.6367533046968029,0
VENHQS1ERC1BMUVDOmxpaGNfdGNnYV9wYW5fY2FuX2F0bGFzXzIwMTg,19.79156393,0,20.0,Female,STAGE I,G3,0.733333333,0.40996150807008874,1,0.11205935874642795,1
VENHQS1ERC1BMUVEOmxpaGNfdGNnYV9wYW5fY2FuX2F0bGFzXzIwMTg,75.64848604,0,68.0,Male,STAGE I,G1,0.9,-0.46899282092991895,0,-0.490252576911302,0
VENHQS1ERC1BMUVFOmxpaGNfdGNnYV9wYW5fY2FuX2F0bGFzXzIwMTg,11.47384686,1,73.0,Male,STAGE IIIA,G3,22.13333333,0.3612089637539039,1,0.6817209951389186,1
VENHQS1ERC1BMUVGOmxpaGNfdGNnYV9wYW5fY2FuX2F0bGFzXzIwMTg,12.9532827,1,57.0,Female,STAGE I,G3,3.633333333,-0.1392229147109855,0,-0.059472116492478376,0
VENHQS1ERC1BMUVHOmxpaGNfdGNnYV9wYW5fY2FuX2F0bGFzXzIwMTg,45.106355,1,76.0,Male,STAGE I,G3,,0.3461072540714241,1,0.24018581214592372,1
VENHQS1ERC1BMUVIOmxpaGNfdGNnYV9wYW5fY2FuX2F0bGFzXzIwMTg,49.1501463,0,23.0,Male,STAGE III,G3,1.266666667,-0.13534393305207756,0,-0.15225276814755084,0
VENHQS1ERC1BMUVJOmxpaGNfdGNnYV9wYW5fY2FuX2F0bGFzXzIwMTg,6.016372423,0,46.0,Male,STAGE I,G2,1.833333333,0.4822698561983314,1,0.302965374961759,1
VENHQS1ERC1BMUVKOmxpaGNfdGNnYV9wYW5fY2FuX2F0bGFzXzIwMTg,33.0407338,1,71.0,Female,STAGE IIIC,G2,1.966666667,0.36372435463366426,1,0.7336632463415276,1
VENHQS1ERC1BMUVLOmxpaGNfdGNnYV9wYW5fY2FuX2F0bGFzXzIwMTg,18.34500444,1,64.0,Female,STAGE IVB,G2,2.1,0.011701196244323675,1,-0.3880676332386149,0
VENHQS1ERC1BMUVMOmxpaGNfdGNnYV9wYW5fY2FuX2F0bGFzXzIwMTg,13.6436861,1,23.0,Male,STAGE II,G3,2.9,0.7884831574238352,1,1.029661460391833,1
VENHQS1ERC1BMzlWOmxpaGNfdGNnYV9wYW5fY2FuX2F0bGFzXzIwMTg,21.13949436,1,77.0,Male,STAGE II,G3,2.266666667,0.0962652437634333,1,0.07769263710980152,1
VENHQS1ERC1BMzlXOmxpaGNfdGNnYV9wYW5fY2FuX2F0bGFzXzIwMTg,27.18874314,1,29.0,Female,STAGE III,G2,1.2,0.14233259110854227,1,0.05830904679330057,1
VENHQS1ERC1BMzlYOmxpaGNfdGNnYV9wYW5fY2FuX2F0bGFzXzIwMTg,55.69254036,1,78.0,Female,STAGE I,G2,2.166666667,0.10396343264404964,1,-0.13027564391859334,0
VENHQS1ERC1BMzlZOmxpaGNfdGNnYV9wYW5fY2FuX2F0bGFzXzIwMTg,5.621856199,1,67.0,Male,STAGE I,G3,0,0.6740517993402152,1,0.47238243724263973,1
VENHQS1ERC1BMzlaOmxpaGNfdGNnYV9wYW5fY2FuX2F0bGFzXzIwMTg,19.75868758,1,43.0,Female,STAGE II,G2,2.366666667,-0.16295558821680775,0,-0.32653164236271576,0
VENHQS1ERC1BNE5BOmxpaGNfdGNnYV9wYW5fY2FuX2F0bGFzXzIwMTg,33.13936286,0,67.0,Female,STAGE IIIC,G3,0.933333333,0.21843795366855961,1,0.3166401098662353,1
VENHQS1ERC1BNE5COmxpaGNfdGNnYV9wYW5fY2FuX2F0bGFzXzIwMTg,32.51471217,0,25.0,Male,STAGE I,G2,0.8,-0.03549294047407573,0,-0.1992653258768493,0
VENHQS1ERC1BNE5EOmxpaGNfdGNnYV9wYW5fY2FuX2F0bGFzXzIwMTg,90.2784627,0,56.0,Female,STAGE I,G3,1.766666667,-0.028687949949407807,0,0.12209673961015327,1
VENHQS1ERC1BNE5FOmxpaGNfdGNnYV9wYW5fY2FuX2F0bGFzXzIwMTg,21.69839235,1,75.0,Female,STAGE IIIA,G3,1.733333333,0.09331940954841222,1,0.23697447340527833,1
VENHQS1ERC1BNE5GOmxpaGNfdGNnYV9wYW5fY2FuX2F0bGFzXzIwMTg,30.96952362,0,72.0,Male,STAGE I,G2,3.966666667,-0.30236052007312136,0,-0.10409593576334998,0
VENHQS1ERC1BNE5HOmxpaGNfdGNnYV9wYW5fY2FuX2F0bGFzXzIwMTg,26.36683434,1,77.0,Male,STAGE IIIA,G2,4.666666667,-0.01804609157948144,1,-0.005378032296733395,0
VENHQS1ERC1BNE5IOmxpaGNfdGNnYV9wYW5fY2FuX2F0bGFzXzIwMTg,30.14761482,0,65.0,Female,STAGE IIIB,G3,3.266666667,0.23447806105150887,1,0.6561480098356214,1
VENHQS1ERC1BNE5JOmxpaGNfdGNnYV9wYW5fY2FuX2F0bGFzXzIwMTg,26.82710327,0,67.0,Male,STAGE II,G2,9.833333333,-0.28507615119788693,0,-0.3850051591726165,0
VENHQS1ERC1BNE5KOmxpaGNfdGNnYV9wYW5fY2FuX2F0bGFzXzIwMTg,30.50925469,0,54.0,Female,STAGE II,G2,5.166666667,0.31632185964194137,1,0.7582078081758338,1
VENHQS1ERC1BNE5LOmxpaGNfdGNnYV9wYW5fY2FuX2F0bGFzXzIwMTg,39.78038597,1,80.0,Female,STAGE IIIA,G2,4.866666667,-0.49697811687041415,0,-0.5191376677728203,0
VENHQS1ERC1BNE5MOmxpaGNfdGNnYV9wYW5fY2FuX2F0bGFzXzIwMTg,56.25143834,0,46.0,Male,STAGE I,G1,0.966666667,-0.5494512100573331,0,-0.8467394725563189,0
VENHQS1ERC1BNE5OOmxpaGNfdGNnYV9wYW5fY2FuX2F0bGFzXzIwMTg,29.55584048,1,56.0,Female,STAGE I,G3,3.366666667,-0.17576998528908527,0,0.16297050283185904,1
VENHQS1ERC1BNE5POmxpaGNfdGNnYV9wYW5fY2FuX2F0bGFzXzIwMTg,73.80741033,0,65.0,Male,STAGE I,G1,3.7,0.054475510953892206,1,0.14583512620360947,1
VENHQS1ERC1BNE5QOmxpaGNfdGNnYV9wYW5fY2FuX2F0bGFzXzIwMTg,108.7549726,0,32.0,Male,STAGE I,G3,1.766666667,-0.83851308151715,0,-1.2711572431339921,0
VENHQS1ERC1BNE5ROmxpaGNfdGNnYV9wYW5fY2FuX2F0bGFzXzIwMTg,12.26287931,1,60.0,Male,STAGE II,G3,5.666666667,0.8097494734731165,1,0.7314124676526408,1
VENHQS1ERC1BNE5SOmxpaGNfdGNnYV9wYW5fY2FuX2F0bGFzXzIwMTg,0.295887168,1,85.0,Female,STAGE I,G3,3.633333333,0.4145166931220703,1,0.5599144030471069,1
VENHQS1ERC1BNE5TOmxpaGNfdGNnYV9wYW5fY2FuX2F0bGFzXzIwMTg,80.74432061,1,61.0,Female,STAGE I,G2,3.566666667,-0.2397564674901184,0,-0.15388439507817664,0
VENHQS1ERC1BNE5WOmxpaGNfdGNnYV9wYW5fY2FuX2F0bGFzXzIwMTg,78.83749219,0,61.0,Male,STAGE IIIA,G1,8.6,-0.26420480161509186,0,-0.256701530878276,0
VENHQS1ERC1BNzNBOmxpaGNfdGNnYV9wYW5fY2FuX2F0bGFzXzIwMTg,23.93398429,0,71.0,Male,STAGE I,G2,3,0.07168626139650741,1,0.12337820577695274,1
VENHQS1ERC1BNzNCOmxpaGNfdGNnYV9wYW5fY2FuX2F0bGFzXzIwMTg,9.304007627,1,72.0,Female,STAGE I,G2,2.466666667,0.0656990346776163,1,-0.49397260674844334,0
VENHQS1ERC1BNzNDOmxpaGNfdGNnYV9wYW5fY2FuX2F0bGFzXzIwMTg,23.04632278,0,65.0,Female,STAGE IIIA,G1,2.566666667,-0.22257897641994823,0,-0.18285921849091727,0
VENHQS1ERC1BNzNEOmxpaGNfdGNnYV9wYW5fY2FuX2F0bGFzXzIwMTg,22.78331196,0,68.0,Female,STAGE II,G1,2.233333333,-0.5469763486249096,0,0.07999020091802399,1
VENHQS1ERC1BNzNFOmxpaGNfdGNnYV9wYW5fY2FuX2F0bGFzXzIwMTg,1.44655949,0,66.0,Male,STAGE I,G1,3.933333333,-0.26500819496489403,0,0.4904036892453045,1
VENHQS1ERC1BNzNGOmxpaGNfdGNnYV9wYW5fY2FuX2F0bGFzXzIwMTg,35.67084196,0,77.0,Female,STAGE I,G1,2.266666667,-0.09236715311348798,0,-0.11507587827356952,0
VENHQS1ERC1BNzNHOmxpaGNfdGNnYV9wYW5fY2FuX2F0bGFzXzIwMTg,114.3439524,0,73.0,Female,STAGE I,G3,3.433333333,-0.576962662534594,0,-0.632520186676141,0
VENHQS1ERC1BQTNBOmxpaGNfdGNnYV9wYW5fY2FuX2F0bGFzXzIwMTg,13.47930434,1,81.0,Female,STAGE I,G4,1.466666667,0.6184227622950713,1,0.5670860518013134,1
VENHQS1ERC1BQUM4OmxpaGNfdGNnYV9wYW5fY2FuX2F0bGFzXzIwMTg,0.526021633,1,72.0,Male,STAGE I,G3,16.93333333,-0.13395475885118574,0,0.4217066150466467,1
VENHQS1ERC1BQUM5OmxpaGNfdGNnYV9wYW5fY2FuX2F0bGFzXzIwMTg,11.40809416,0,51.0,Male,STAGE I,G2,2.7,-0.12983510055551847,0,-0.2599223417368121,0
VENHQS1ERC1BQUNBOmxpaGNfdGNnYV9wYW5fY2FuX2F0bGFzXzIwMTg,75.64848604,0,65.0,Male,STAGE I,G3,3.6,-0.050539154208123695,0,0.7347190858650074,1
VENHQS1ERC1BQUNCOmxpaGNfdGNnYV9wYW5fY2FuX2F0bGFzXzIwMTg,76.40464214,0,74.0,Female,STAGE I,G3,2.766666667,0.24133853422342708,1,0.6675762451400058,1
VENHQS1ERC1BQUNDOmxpaGNfdGNnYV9wYW5fY2FuX2F0bGFzXzIwMTg,55.39665319,1,61.0,Male,STAGE I,G2,3.033333333,-0.01990644849842778,0,-0.1769377833126324,0
VENHQS1ERC1BQUNEOmxpaGNfdGNnYV9wYW5fY2FuX2F0bGFzXzIwMTg,12.52589013,1,48.0,Male,STAGE I,G4,2.833333333,-0.34372919320368656,0,-0.6583614752165271,0
VENHQS1ERC1BQUNFOmxpaGNfdGNnYV9wYW5fY2FuX2F0bGFzXzIwMTg,71.80195286,0,62.0,Male,STAGE I,G3,2.433333333,-0.6327329242080332,0,-0.43544196416878456,0
VENHQS1ERC1BQUNGOmxpaGNfdGNnYV9wYW5fY2FuX2F0bGFzXzIwMTg,11.9998685,1,68.0,Male,STAGE I,G3,3.933333333,0.023829394354827668,1,-0.3629515195818555,0
VENHQS1ERC1BQUNHOmxpaGNfdGNnYV9wYW5fY2FuX2F0bGFzXzIwMTg,15.41900911,1,52.0,Male,STAGE II,G4,3.166666667,0.11858547531583762,1,-0.5406024649186705,0
VENHQS1ERC1BQUNIOmxpaGNfdGNnYV9wYW5fY2FuX2F0bGFzXzIwMTg,6.410888648,1,69.0,Male,STAGE II,G3,2.933333333,0.8433966595585797,1,1.1614154618482466,1
VENHQS1ERC1BQUNJOmxpaGNfdGNnYV9wYW5fY2FuX2F0bGFzXzIwMTg,53.1939376,0,69.0,Male,STAGE II,G3,11.16666667,-0.046583441002233605,0,-0.38995651587329166,0
VENHQS1ERC1BQUNKOmxpaGNfdGNnYV9wYW5fY2FuX2F0bGFzXzIwMTg,69.10609199,0,75.0,Male,STAGE II,G2,3,-0.27866282162396694,0,0.015637897839178863,1
VENHQS1ERC1BQUNLOmxpaGNfdGNnYV9wYW5fY2FuX2F0bGFzXzIwMTg,0.295887168,0,70.0,Male,STAGE I,G2,4.233333333,0.17596966539391834,1,0.06884889058358429,1
VENHQS1ERC1BQUNMOmxpaGNfdGNnYV9wYW5fY2FuX2F0bGFzXzIwMTg,3.517769668,1,66.0,Female,STAGE I,G3,9.133333333,0.5362524697318048,1,0.39775301134670377,1
VENHQS1ERC1BQUNOOmxpaGNfdGNnYV9wYW5fY2FuX2F0bGFzXzIwMTg,42.80501036,0,32.0,Male,STAGE I,G3,1.433333333,-0.2189918004744203,0,-0.3026916066507301,0
VENHQS1ERC1BQUNPOmxpaGNfdGNnYV9wYW5fY2FuX2F0bGFzXzIwMTg,61.67603643,0,40.0,Male,STAGE I,G3,1.366666667,-0.5501129724828576,0,-0.4864401978574948,0
VENHQS1ERC1BQUNQOmxpaGNfdGNnYV9wYW5fY2FuX2F0bGFzXzIwMTg,13.6436861,0,64.0,Male,STAGE I,G3,5.666666667,0.48276807322685955,1,0.865267168107458,1
VENHQS1ERC1BQUNROmxpaGNfdGNnYV9wYW5fY2FuX2F0bGFzXzIwMTg,14.20258408,1,50.0,Male,STAGE II,G3,6.9,0.08925060771906418,1,0.2661775726663199,1
VENHQS1ERC1BQUNTOmxpaGNfdGNnYV9wYW5fY2FuX2F0bGFzXzIwMTg,59.30893908,0,39.0,Male,STAGE I,G3,1.5,0.12348814073541602,1,0.623522647983118,1
VENHQS1ERC1BQUNUOmxpaGNfdGNnYV9wYW5fY2FuX2F0bGFzXzIwMTg,51.35286189,0,69.0,Female,STAGE I,G2,6,-0.19480968174592317,0,-0.30644573027434935,0
VENHQS1ERC1BQUNVOmxpaGNfdGNnYV9wYW5fY2FuX2F0bGFzXzIwMTg,51.51724365,0,59.0,Male,STAGE I,G3,3.8,0.12066414498059734,1,-0.17430376899615618,0
VENHQS1ERC1BQUNWOmxpaGNfdGNnYV9wYW5fY2FuX2F0bGFzXzIwMTg,50.33369497,0,53.0,Male,STAGE I,G3,3.466666667,-0.00958469719560418,1,0.13445519516465917,1
VENHQS1ERC1BQUNXOmxpaGNfdGNnYV9wYW5fY2FuX2F0bGFzXzIwMTg,46.81592531,0,43.0,Male,STAGE I,G3,1.633333333,-0.16130887564307675,0,-0.08825562571994915,0
VENHQS1ERC1BQUNYOmxpaGNfdGNnYV9wYW5fY2FuX2F0bGFzXzIwMTg,5.588979847,0,66.0,Male,STAGE II,G3,3.8,0.2608542353913852,1,0.8734712841755987,1
VENHQS1ERC1BQUNZOmxpaGNfdGNnYV9wYW5fY2FuX2F0bGFzXzIwMTg,47.67071046,0,61.0,Male,STAGE I,G3,2.766666667,-0.1714545692546325,0,-0.6277421748418296,0
VENHQS1ERC1BQUNaOmxpaGNfdGNnYV9wYW5fY2FuX2F0bGFzXzIwMTg,5.621856199,1,63.0,Female,STAGE I,G4,5.233333333,0.9589584975008287,1,0.6433344141952086,1
VENHQS1ERC1BQUQ1OmxpaGNfdGNnYV9wYW5fY2FuX2F0bGFzXzIwMTg,44.21869349,0,54.0,Male,STAGE I,G3,4.066666667,0.8460081449544095,1,0.7761464409020257,1
VENHQS1ERC1BQUQ2OmxpaGNfdGNnYV9wYW5fY2FuX2F0bGFzXzIwMTg,22.09290857,0,66.0,Male,STAGE IIIA,G3,3.166666667,0.06006730164046052,1,0.7106246642291909,1
VENHQS1ERC1BQUQ4OmxpaGNfdGNnYV9wYW5fY2FuX2F0bGFzXzIwMTg,40.07627314,0,73.0,Female,STAGE I,G2,3.7,0.04269842088441105,1,0.12676499741444655,1
VENHQS1ERC1BQUQwOmxpaGNfdGNnYV9wYW5fY2FuX2F0bGFzXzIwMTg,4.50406023,0,73.0,Female,STAGE I,G2,3.433333333,-0.11761847789849783,0,0.14735393247826895,1
VENHQS1ERC1BQUQxOmxpaGNfdGNnYV9wYW5fY2FuX2F0bGFzXzIwMTg,18.54226255,0,51.0,Female,STAGE I,G4,3.733333333,0.09005271486413548,1,-0.053248083991718355,0
VENHQS1ERC1BQUQyOmxpaGNfdGNnYV9wYW5fY2FuX2F0bGFzXzIwMTg,21.63263964,0,66.0,Male,STAGE I,G2,2.533333333,0.13937420881541082,1,-0.02508712331034984,0
VENHQS1ERC1BQUQzOmxpaGNfdGNnYV9wYW5fY2FuX2F0bGFzXzIwMTg,42.57487589,0,43.0,Male,STAGE I,G2,2.2,-0.059322703206645275,0,-0.20433216034830912,0
VENHQS1ERC1BQURBOmxpaGNfdGNnYV9wYW5fY2FuX2F0bGFzXzIwMTg,40.53654207,0,66.0,Female,STAGE I,G3,3.733333333,-0.6021759419514486,0,-0.39845712394730903,0
VENHQS1ERC1BQURCOmxpaGNfdGNnYV9wYW5fY2FuX2F0bGFzXzIwMTg,40.83242923,0,51.0,Male,STAGE I,G4,3.766666667,0.4403920734435713,1,0.7311546651663766,1
VENHQS1ERC1BQURDOmxpaGNfdGNnYV9wYW5fY2FuX2F0bGFzXzIwMTg,13.97244962,1,53.0,Male,STAGE I,G3,2.7,0.5583697426939148,1,0.7883118984205196,1
VENHQS1ERC1BQUREOmxpaGNfdGNnYV9wYW5fY2FuX2F0bGFzXzIwMTg,40.47078936,0,51.0,Male,STAGE I,G4,2.733333333,0.2680917200222811,1,0.7269468514656697,1
VENHQS1ERC1BQURGOmxpaGNfdGNnYV9wYW5fY2FuX2F0bGFzXzIwMTg,3.780780485,1,64.0,Female,STAGE I,G4,7.1,-0.052838487491892135,0,0.2882346036880745,1
VENHQS1ERC1BQURHOmxpaGNfdGNnYV9wYW5fY2FuX2F0bGFzXzIwMTg,37.64342309,0,70.0,Male,STAGE IIIA,G3,5.366666667,-0.37039709854320735,0,-0.3280457905257373,0
VENHQS1ERC1BQURJOmxpaGNfdGNnYV9wYW5fY2FuX2F0bGFzXzIwMTg,35.67084196,0,43.0,Female,STAGE I,G3,3.533333333,-0.32779055443565164,0,-0.4979564025131231,0
VENHQS1ERC1BQURKOmxpaGNfdGNnYV9wYW5fY2FuX2F0bGFzXzIwMTg,35.04619128,0,70.0,Female,STAGE I,G3,2,-0.3900338783384789,0,-0.5772212542524091,0
VENHQS1ERC1BQURLOmxpaGNfdGNnYV9wYW5fY2FuX2F0bGFzXzIwMTg,34.48729329,0,68.0,Female,STAGE II,G3,1.933333333,0.10783357796167597,1,0.0006002608679193155,0
VENHQS1ERC1BQURMOmxpaGNfdGNnYV9wYW5fY2FuX2F0bGFzXzIwMTg,20.9093599,0,58.0,Male,STAGE I,G4,4.1,0.28731998430979777,1,0.07661399869235741,1
VENHQS1ERC1BQURNOmxpaGNfdGNnYV9wYW5fY2FuX2F0bGFzXzIwMTg,0.394516225,1,58.0,Male,STAGE II,G3,5.633333333,0.04232476539227491,1,0.10155564483196908,1
VENHQS1ERC1BQUROOmxpaGNfdGNnYV9wYW5fY2FuX2F0bGFzXzIwMTg,29.52296413,0,59.0,Male,STAGE I,G4,3.5,0.5002869462642731,1,0.49255205566399757,1
VENHQS1ERC1BQURPOmxpaGNfdGNnYV9wYW5fY2FuX2F0bGFzXzIwMTg,14.89298747,0,55.0,Male,STAGE I,G3,6.733333333,-0.224071281125681,0,-0.8180670801086121,0
VENHQS1ERC1BQURQOmxpaGNfdGNnYV9wYW5fY2FuX2F0bGFzXzIwMTg,15.05736923,0,45.0,Male,STAGE I,G3,3.3,-0.0808358828728476,0,-0.3010485136150395,0
VENHQS1ERC1BQURROmxpaGNfdGNnYV9wYW5fY2FuX2F0bGFzXzIwMTg,14.33408949,0,59.0,Male,STAGE II,G3,3.866666667,-0.07045270355425702,0,-0.7502563226857153,0
VENHQS1ERC1BQURSOmxpaGNfdGNnYV9wYW5fY2FuX2F0bGFzXzIwMTg,66.67324194,0,58.0,Male,STAGE I,G3,2.866666667,0.18736178918037188,1,0.07418916595237114,1
VENHQS1ERC1BQURTOmxpaGNfdGNnYV9wYW5fY2FuX2F0bGFzXzIwMTg,15.58339087,0,63.0,Male,STAGE I,G2,4.5,-0.7506397462154117,0,-1.1032291552084854,0
VENHQS1ERC1BQURVOmxpaGNfdGNnYV9wYW5fY2FuX2F0bGFzXzIwMTg,18.21349903,0,60.0,Male,STAGE II,G3,2.8,-0.3538952949593608,0,-0.2693695953531888,0
VENHQS1ERC1BQURWOmxpaGNfdGNnYV9wYW5fY2FuX2F0bGFzXzIwMTg,18.87102607,0,50.0,Male,STAGE I,G3,3.133333333,0.24793070027646258,1,0.2343680533654873,1
VENHQS1ERC1BQURXOmxpaGNfdGNnYV9wYW5fY2FuX2F0bGFzXzIwMTg,19.29841865,0,48.0,Male,STAGE I,G3,1.5,0.18478632218498064,1,0.5158389777073422,1
VENHQS1ERC1BQURZOmxpaGNfdGNnYV9wYW5fY2FuX2F0bGFzXzIwMTg,18.24637538,0,55.0,Female,STAGE I,G2,1.6,-0.39102123794113564,0,-0.7715630922752688,0
VENHQS1ERC1BQUU0OmxpaGNfdGNnYV9wYW5fY2FuX2F0bGFzXzIwMTg,19.98882204,0,49.0,Female,STAGE I,G1,1.9,-0.5282672010964077,0,-0.8557199980285763,0
VENHQS1ERC1BQUU2OmxpaGNfdGNnYV9wYW5fY2FuX2F0bGFzXzIwMTg,4.635565638,0,59.0,Female,STAGE I,G2,2.366666667,-0.10124587176361927,0,0.49870761353555765,1
VENHQS1ERC1BQUU3OmxpaGNfdGNnYV9wYW5fY2FuX2F0bGFzXzIwMTg,21.17237071,0,72.0,Male,STAGE I,G2,8,-0.3938329515266253,0,-1.0272807279162686,0
VENHQS1ERC1BQUU5OmxpaGNfdGNnYV9wYW5fY2FuX2F0bGFzXzIwMTg,23.73672617,0,69.0,Male,STAGE I,G3,3.266666667,-0.10449740887931966,0,0.22806495937668916,1
VENHQS1ERC1BQUUwOmxpaGNfdGNnYV9wYW5fY2FuX2F0bGFzXzIwMTg,18.24637538,0,45.0,Female,STAGE IIIA,G4,1.966666667,0.0672176684741414,1,0.20280376221281443,1
VENHQS1ERC1BQUUxOmxpaGNfdGNnYV9wYW5fY2FuX2F0bGFzXzIwMTg,18.14774633,0,52.0,Male,STAGE I,G3,1.533333333,-0.13005305998760452,0,-0.3047627434169052,0
VENHQS1ERC1BQUUyOmxpaGNfdGNnYV9wYW5fY2FuX2F0bGFzXzIwMTg,20.9751126,0,51.0,Male,STAGE I,G3,2.733333333,-0.10324045978900995,0,-0.4300641456606794,0
VENHQS1ERC1BQUUzOmxpaGNfdGNnYV9wYW5fY2FuX2F0bGFzXzIwMTg,18.60801526,0,50.0,Male,STAGE I,G2,5.066666667,-0.4290072050479223,0,-0.8162550322839369,0
VENHQS1ERC1BQUVBOmxpaGNfdGNnYV9wYW5fY2FuX2F0bGFzXzIwMTg,18.90390242,0,65.0,Male,STAGE I,G3,5.566666667,-0.11842305768227682,0,-0.18990246239589173,0
VENHQS1ERC1BQUVCOmxpaGNfdGNnYV9wYW5fY2FuX2F0bGFzXzIwMTg,15.71489628,0,60.0,Male,STAGE I,G2,4.066666667,-0.866879864078948,0,-1.0297851607658,0
VENHQS1ERC1BQUVEOmxpaGNfdGNnYV9wYW5fY2FuX2F0bGFzXzIwMTg,25.08465661,0,51.0,Male,STAGE I,G3,2.033333333,-0.3470514792260526,0,-0.6170186108406858,0
VENHQS1ERC1BQUVFOmxpaGNfdGNnYV9wYW5fY2FuX2F0bGFzXzIwMTg,26.62984515,0,55.0,Male,STAGE I,G4,2.433333333,0.2334756467206545,1,0.4275918793979936,1
VENHQS1ERC1BQUVHOmxpaGNfdGNnYV9wYW5fY2FuX2F0bGFzXzIwMTg,23.63809712,0,59.0,Female,STAGE I,G3,3.533333333,-0.009475881420769,1,-0.09166681704886247,0
VENHQS1ERC1BQUVIOmxpaGNfdGNnYV9wYW5fY2FuX2F0bGFzXzIwMTg,25.77506,0,73.0,Male,STAGE I,G2,2.733333333,-0.24680320440079656,0,0.06552101865498251,1
VENHQS1ERC1BQUVJOmxpaGNfdGNnYV9wYW5fY2FuX2F0bGFzXzIwMTg,50.33369497,0,72.0,Male,STAGE I,G2,3.8,0.11440783434690133,1,-0.20092907558368261,0
VENHQS1ERC1BQUVLOmxpaGNfdGNnYV9wYW5fY2FuX2F0bGFzXzIwMTg,35.07906763,0,51.0,Male,STAGE II,G3,2.633333333,-0.059560506871396045,0,-0.04205921977856223,0
VENHQS1ERC1BQVZQOmxpaGNfdGNnYV9wYW5fY2FuX2F0bGFzXzIwMTg,90.47572081,0,48.0,Male,STAGE I,G1,2.433333333,-0.44429165886778904,0,-0.60448180913047,0
VENHQS1ERC1BQVZROmxpaGNfdGNnYV9wYW5fY2FuX2F0bGFzXzIwMTg,89.68668837,0,38.0,Male,STAGE I,G2,1.733333333,-0.15970915742854508,0,0.12983340278063463,1
VENHQS1ERC1BQVZSOmxpaGNfdGNnYV9wYW5fY2FuX2F0bGFzXzIwMTg,82.61827268,0,44.0,Male,STAGE I,G2,1.966666667,-0.2050583791098054,0,-0.47513071310733723,0
VENHQS1ERC1BQVZTOmxpaGNfdGNnYV9wYW5fY2FuX2F0bGFzXzIwMTg,59.93358977,0,56.0,Male,STAGE I,G2,1.6,-0.18732861722579647,0,0.0997511130343966,1
VENHQS1ERC1BQVZVOmxpaGNfdGNnYV9wYW5fY2FuX2F0bGFzXzIwMTg,72.39372719,0,46.0,Male,STAGE II,G2,1.833333333,-0.137440930875665,0,-0.03671936974057875,0
VENHQS1ERC1BQVZWOmxpaGNfdGNnYV9wYW5fY2FuX2F0bGFzXzIwMTg,80.71144426,0,56.0,Male,STAGE II,G3,4.3,0.27345403052635725,1,0.3660931515115295,1
VENHQS1ERC1BQVZXOmxpaGNfdGNnYV9wYW5fY2FuX2F0bGFzXzIwMTg,76.17450768,0,35.0,Male,STAGE I,G2,1.2,-0.06809731622064176,0,0.11811100522715695,1
VENHQS1ERC1BQVZYOmxpaGNfdGNnYV9wYW5fY2FuX2F0bGFzXzIwMTg,56.48157281,0,38.0,Male,STAGE II,G2,2.133333333,-0.2593647247855555,0,-0.6118686817499398,0
VENHQS1ERC1BQVZZOmxpaGNfdGNnYV9wYW5fY2FuX2F0bGFzXzIwMTg,64.76641352,0,56.0,Male,STAGE IIIA,G2,2.8,-0.4705996373091412,0,-0.5031409865903046,0
VENHQS1ERC1BQVZaOmxpaGNfdGNnYV9wYW5fY2FuX2F0bGFzXzIwMTg,62.46506888,0,38.0,Male,STAGE I,G2,1.233333333,-0.31174537068289215,0,-0.1426367419193042,0
VENHQS1ERC1BQVcwOmxpaGNfdGNnYV9wYW5fY2FuX2F0bGFzXzIwMTg,66.24584936,0,54.0,Male,STAGE I,G2,2.966666667,0.005416026310926026,1,-0.11689276523593702,0
VENHQS1ERC1BQVcxOmxpaGNfdGNnYV9wYW5fY2FuX2F0bGFzXzIwMTg,65.39106421,0,55.0,Male,STAGE IIIA,G2,3.466666667,-0.3893259685151507,0,-0.7064823115428057,0
VENHQS1ERC1BQVcyOmxpaGNfdGNnYV9wYW5fY2FuX2F0bGFzXzIwMTg,60.98563303,0,69.0,Male,STAGE I,G2,3.8,-0.41366198345375516,0,-0.2576438722004008,0
VENHQS1ERC1BQVczOmxpaGNfdGNnYV9wYW5fY2FuX2F0bGFzXzIwMTg,53.68708288,0,69.0,Male,STAGE I,G2,2.933333333,-0.45687801833741093,0,-0.46873779700612334,0
VENHQS1FRC1BN1BYOmxpaGNfdGNnYV9wYW5fY2FuX2F0bGFzXzIwMTg,0.197258112,0,48.0,Female,STAGE II,G3,0.966666667,0.2921908699328832,1,0.05911924865749085,1
VENHQS1FRC1BN1BZOmxpaGNfdGNnYV9wYW5fY2FuX2F0bGFzXzIwMTg,12.8217773,0,20.0,Female,STAGE II,G3,0.966666667,-0.4005180189632225,0,-0.11757652089467274,0
VENHQS1FRC1BN1BaOmxpaGNfdGNnYV9wYW5fY2FuX2F0bGFzXzIwMTg,0.197258112,0,61.0,Male,STAGE II,G2,8.1,0.1879837828188712,1,0.1657512805512739,1
VENHQS1FRC1BN1hPOmxpaGNfdGNnYV9wYW5fY2FuX2F0bGFzXzIwMTg,14.03820232,0,29.0,Male,STAGE IIIA,G2,1.9,0.05890522582922334,1,-0.21077541425131502,0
VENHQS1FRC1BN1hQOmxpaGNfdGNnYV9wYW5fY2FuX2F0bGFzXzIwMTg,13.15054082,0,53.0,Female,STAGE II,G3,2,0.3514293487591748,1,0.5685412842103612,1
VENHQS1FRC1BNDU5OmxpaGNfdGNnYV9wYW5fY2FuX2F0bGFzXzIwMTg,29.91748036,0,47.0,Male,STAGE II,G2,7.333333333,0.37102707624769665,1,0.4247434020657982,1
VENHQS1FRC1BNFhJOmxpaGNfdGNnYV9wYW5fY2FuX2F0bGFzXzIwMTg,26.92573232,0,58.0,Male,STAGE II,G3,4.666666667,-0.17543238614290005,0,-0.051904179876775806,0
VENHQS1FRC1BNUtHOmxpaGNfdGNnYV9wYW5fY2FuX2F0bGFzXzIwMTg,28.07640464,0,60.0,Female,STAGE II,G2,0.533333333,0.21536989313608004,1,-0.013398726676560219,0
VENHQS1FRC1BNjI3OmxpaGNfdGNnYV9wYW5fY2FuX2F0bGFzXzIwMTg,13.90669691,0,74.0,Male,STAGE I,G2,0.066666667,-0.13244171032608287,0,-0.5830516480966546,0
VENHQS1FRC1BNjZYOmxpaGNfdGNnYV9wYW5fY2FuX2F0bGFzXzIwMTg,13.34779893,0,35.0,Male,STAGE IIIA,G3,1.5,0.0455561094481227,1,0.38698795017336135,1
VENHQS1FRC1BNjZZOmxpaGNfdGNnYV9wYW5fY2FuX2F0bGFzXzIwMTg,9.731400204,1,51.0,Female,STAGE IIIA,G3,3,0.13605628820230703,1,-0.06252676554600227,0
VENHQS1FRC1BODJFOmxpaGNfdGNnYV9wYW5fY2FuX2F0bGFzXzIwMTg,13.41355163,0,60.0,Female,STAGE IIIA,G2,0.933333333,-0.12235665531136136,0,-0.6799827866311605,0
VENHQS1FRC1BOE81OmxpaGNfdGNnYV9wYW5fY2FuX2F0bGFzXzIwMTg,13.34779893,0,59.0,Female,STAGE IIIA,G3,3.7,-0.4140755553354989,0,-0.2208334980941436,0
VENHQS1FRC1BOE82OmxpaGNfdGNnYV9wYW5fY2FuX2F0bGFzXzIwMTg,1.841075714,1,50.0,Female,STAGE IIIA,G3,2.1,0.18231076697419768,1,0.5396416024451145,1
VENHQS1FRC1BOTdLOmxpaGNfdGNnYV9wYW5fY2FuX2F0bGFzXzIwMTg,0.197258112,0,54.0,Male,STAGE IIIA,G2,1.566666667,0.10629521793089855,1,0.13982196448692844,1
VENHQS1FUC1BM0pMOmxpaGNfdGNnYV9wYW5fY2FuX2F0bGFzXzIwMTg,9.961534668,0,76.0,Male,STAGE I,G2,2.866666667,0.23976904001619834,1,0.14067773249970011,1
VENHQS1FUC1BM1JLOmxpaGNfdGNnYV9wYW5fY2FuX2F0bGFzXzIwMTg,11.93411579,0,73.0,Male,STAGE IIIA,G2,3.466666667,0.25382289987791246,1,0.1054019282346246,1
VENHQS1FUC1BMTJKOmxpaGNfdGNnYV9wYW5fY2FuX2F0bGFzXzIwMTg,18.73952066,0,62.0,Male,STAGE I,G1,1.7,-0.28853974712050373,0,-0.015141076946362624,0
VENHQS1FUC1BMjZTOmxpaGNfdGNnYV9wYW5fY2FuX2F0bGFzXzIwMTg,19.98882204,0,70.0,Male,STAGE I,G2,5.766666667,-0.2925810169346529,0,-0.0012058242680883047,0
VENHQS1FUC1BMktBOmxpaGNfdGNnYV9wYW5fY2FuX2F0bGFzXzIwMTg,20.61347273,1,52.0,Female,STAGE IIIA,G3,3.466666667,0.2709580607674138,1,0.2698345891884852,1
VENHQS1FUC1BMktCOmxpaGNfdGNnYV9wYW5fY2FuX2F0bGFzXzIwMTg,19.59430582,1,46.0,Female,STAGE I,G2,2.566666667,-0.05551575487077232,0,0.27654440710898087,1
VENHQS1FUC1BMktDOmxpaGNfdGNnYV9wYW5fY2FuX2F0bGFzXzIwMTg,0.624650689,1,62.0,Male,STAGE I,G3,2.633333333,0.06334467832947292,1,0.7228866278491287,1
VENHQS1FUy1BMkhTOmxpaGNfdGNnYV9wYW5fY2FuX2F0bGFzXzIwMTg,22.6189302,1,80.0,Male,STAGE I,G2,2.2,-0.6709590749665753,0,-0.683335212743868,0
VENHQS1FUy1BMkhUOmxpaGNfdGNnYV9wYW5fY2FuX2F0bGFzXzIwMTg,14.39984219,1,54.0,Male,STAGE I,G2,2.266666667,-0.2526740641137378,0,-0.7389157107510078,0
VENHQS1GVi1BM0kwOmxpaGNfdGNnYV9wYW5fY2FuX2F0bGFzXzIwMTg,27.87914653,0,76.0,Female,STAGE II,G2,2.6,-0.12118391774459343,0,-0.36754784524340295,0
VENHQS1GVi1BM0kxOmxpaGNfdGNnYV9wYW5fY2FuX2F0bGFzXzIwMTg,8.120458954,1,81.0,Female,STAGE II,G2,4.633333333,0.3665682928416594,1,0.32357480174121206,1
VENHQS1GVi1BM1IyOmxpaGNfdGNnYV9wYW5fY2FuX2F0bGFzXzIwMTg,6.378012296,1,75.0,Male,STAGE I,,2.433333333,0.19499086982436814,1,0.21592064343478617,1
VENHQS1GVi1BM1IzOmxpaGNfdGNnYV9wYW5fY2FuX2F0bGFzXzIwMTg,12.03274485,1,38.0,Female,STAGE I,G2,1.766666667,-0.3829146423815699,0,-0.8267894322324685,0
VENHQS1GVi1BMjNCOmxpaGNfdGNnYV9wYW5fY2FuX2F0bGFzXzIwMTg,60.88700398,1,70.0,Female,STAGE II,,3.6,-0.04581605788456825,0,0.045646086937349985,1
VENHQS1GVi1BMlFROmxpaGNfdGNnYV9wYW5fY2FuX2F0bGFzXzIwMTg,23.96686064,0,80.0,Male,STAGE I,G2,3.9,0.0951336611492125,1,0.04605340511028142,1
VENHQS1GVi1BMlFSOmxpaGNfdGNnYV9wYW5fY2FuX2F0bGFzXzIwMTg,19.10116054,1,75.0,Male,STAGE I,G1,3.533333333,-0.011985038869031468,1,-0.16851129731407177,0
VENHQS1GVi1BNDk1OmxpaGNfdGNnYV9wYW5fY2FuX2F0bGFzXzIwMTg,0.032876352,0,51.0,Female,STAGE II,G2,6.766666667,-0.3646648510049948,0,-0.1616773008172707,0
VENHQS1GVi1BNDk2OmxpaGNfdGNnYV9wYW5fY2FuX2F0bGFzXzIwMTg,0.32876352,0,84.0,Female,STAGE I,G2,7.666666667,-0.005949757848851497,1,-0.029390316757667078,0
VENHQS1GVi1BNFpQOmxpaGNfdGNnYV9wYW5fY2FuX2F0bGFzXzIwMTg,81.73061117,1,78.0,Male,STAGE IIIA,G2,2.966666667,0.30738091040339677,1,-0.4428555354973015,0
VENHQS1GVi1BNFpROmxpaGNfdGNnYV9wYW5fY2FuX2F0bGFzXzIwMTg,0.394516225,0,52.0,Male,STAGE I,G2,2.4,0.10559870966954067,1,0.42303804560011155,1
VENHQS1HMy1BM0NIOmxpaGNfdGNnYV9wYW5fY2FuX2F0bGFzXzIwMTg,25.64355459,0,53.0,Male,STAGE IIIA,G2,1.233333333,0.03203178659633382,1,-0.283971407085591,0
VENHQS1HMy1BM0NJOmxpaGNfdGNnYV9wYW5fY2FuX2F0bGFzXzIwMTg,5.917743367,0,71.0,Male,STAGE I,G2,0.566666667,-0.3951449762138044,0,-0.5463025946446041,0
VENHQS1HMy1BM0NKOmxpaGNfdGNnYV9wYW5fY2FuX2F0bGFzXzIwMTg,19.52855311,0,52.0,Male,STAGE II,G2,,-0.3345448074199606,0,-0.275215182252233,0
VENHQS1HMy1BM0NLOmxpaGNfdGNnYV9wYW5fY2FuX2F0bGFzXzIwMTg,19.23266594,0,61.0,Male,STAGE I,G2,6.9,-0.22836408047844578,0,-0.03358540443144206,0
VENHQS1HMy1BMjVTOmxpaGNfdGNnYV9wYW5fY2FuX2F0bGFzXzIwMTg,13.67656245,1,64.0,Male,STAGE I,G2,4.6,0.17901459466868602,1,0.6281205979207621,1
VENHQS1HMy1BMjVUOmxpaGNfdGNnYV9wYW5fY2FuX2F0bGFzXzIwMTg,51.05697472,0,45.0,Female,STAGE IIIA,G2,2.233333333,0.02907627657937882,1,-0.3870667882266356,0
VENHQS1HMy1BMjVVOmxpaGNfdGNnYV9wYW5fY2FuX2F0bGFzXzIwMTg,53.78571194,0,63.0,Female,STAGE I,G3,3.133333333,-0.4183170726502031,0,-1.1943037188855539,0
VENHQS1HMy1BMjVWOmxpaGNfdGNnYV9wYW5fY2FuX2F0bGFzXzIwMTg,28.27366275,0,68.0,Male,STAGE I,G2,2.433333333,-0.023131247773824467,0,-0.19362259581351807,0
VENHQS1HMy1BMjVYOmxpaGNfdGNnYV9wYW5fY2FuX2F0bGFzXzIwMTg,58.48703028,0,73.0,Male,STAGE II,G3,0,0.21101267066488616,1,0.0307193091744213,1
VENHQS1HMy1BMjVZOmxpaGNfdGNnYV9wYW5fY2FuX2F0bGFzXzIwMTg,14.86011112,1,52.0,Female,STAGE I,G3,3.166666667,0.1498827478672949,1,0.36122371816927534,1
VENHQS1HMy1BMjVaOmxpaGNfdGNnYV9wYW5fY2FuX2F0bGFzXzIwMTg,21.53401059,0,58.0,Male,STAGE I,G2,2.9,-0.036931699188464236,0,0.23431655846970592,1
VENHQS1HMy1BN001OmxpaGNfdGNnYV9wYW5fY2FuX2F0bGFzXzIwMTg,14.69572936,0,76.0,Male,STAGE I,G2,5.566666667,-0.3819204194746915,0,-1.1916033058292776,0
VENHQS1HMy1BN002OmxpaGNfdGNnYV9wYW5fY2FuX2F0bGFzXzIwMTg,20.77785449,0,60.0,Female,STAGE I,G3,2.8,0.34488368542276676,1,0.4682066039410781,1
VENHQS1HMy1BN003OmxpaGNfdGNnYV9wYW5fY2FuX2F0bGFzXzIwMTg,11.86836309,0,65.0,Male,STAGE I,G1,2.233333333,-0.131623308966742,0,-0.29511696627140777,0
VENHQS1HMy1BN004OmxpaGNfdGNnYV9wYW5fY2FuX2F0bGFzXzIwMTg,14.13683138,0,31.0,Male,STAGE I,G1,0.766666667,-0.2318755528271454,0,-0.39192722134063174,0
VENHQS1HMy1BN005OmxpaGNfdGNnYV9wYW5fY2FuX2F0bGFzXzIwMTg,1.841075714,1,70.0,Male,STAGE IIIB,G2,4.133333333,0.5467671763102916,1,0.46925481925273005,1
VENHQS1HMy1BNVNJOmxpaGNfdGNnYV9wYW5fY2FuX2F0bGFzXzIwMTg,25.24903837,1,44.0,Male,STAGE II,G2,1.166666667,0.02687067134891902,1,0.2862094756228865,1
VENHQS1HMy1BNVNKOmxpaGNfdGNnYV9wYW5fY2FuX2F0bGFzXzIwMTg,22.94769372,0,59.0,Male,STAGE I,G2,3.266666667,0.5405085912761021,1,0.3424439769695819,1
VENHQS1HMy1BNVNLOmxpaGNfdGNnYV9wYW5fY2FuX2F0bGFzXzIwMTg,24.46000592,0,58.0,Male,STAGE I,G1,2.966666667,-0.4420840196272108,0,-0.6289813634631634,0
VENHQS1HMy1BNVNMOmxpaGNfdGNnYV9wYW5fY2FuX2F0bGFzXzIwMTg,20.41621462,0,70.0,Male,STAGE II,G2,4.2,-0.4062851124724142,0,-0.3976757209128139,0
VENHQS1HMy1BNVNNOmxpaGNfdGNnYV9wYW5fY2FuX2F0bGFzXzIwMTg,17.09570306,0,58.0,Male,STAGE II,G3,3.733333333,0.09210738559212643,1,0.12823926872644822,1
VENHQS1HMy1BNlVDOmxpaGNfdGNnYV9wYW5fY2FuX2F0bGFzXzIwMTg,22.06003222,0,65.0,Male,STAGE IIIB,G2,3.8,-0.6750699274531707,0,-0.3642303339906842,0
VENHQS1HMy1BQVVaOmxpaGNfdGNnYV9wYW5fY2FuX2F0bGFzXzIwMTg,15.78064898,0,48.0,Male,STAGE I,G2,2.733333333,-0.23360347274840662,0,-0.09782595643836797,0
VENHQS1HMy1BQVY0OmxpaGNfdGNnYV9wYW5fY2FuX2F0bGFzXzIwMTg,0.887661505,1,83.0,Female,STAGE I,G1,3.533333333,-0.11186148380123714,0,0.04480832639073979,1
VENHQS1HMy1BQVY1OmxpaGNfdGNnYV9wYW5fY2FuX2F0bGFzXzIwMTg,11.63822862,0,67.0,Male,STAGE II,G2,2.566666667,0.2375242837632451,1,0.5224023951771994,1
VENHQS1HMy1BQVY2OmxpaGNfdGNnYV9wYW5fY2FuX2F0bGFzXzIwMTg,2.136962883,1,53.0,Female,STAGE IIIA,G3,2.2,0.1757610877530033,1,0.4689533694616095,1
VENHQS1HMy1BQVY3OmxpaGNfdGNnYV9wYW5fY2FuX2F0bGFzXzIwMTg,11.86836309,0,38.0,Male,STAGE II,G2,2.566666667,0.8047205301635582,1,1.0841901364379365,1
VENHQS1HMy1BQVYwOmxpaGNfdGNnYV9wYW5fY2FuX2F0bGFzXzIwMTg,15.64914357,0,58.0,Male,STAGE I,G2,5.466666667,-0.4314537173493915,0,-1.1820895650629675,0
VENHQS1HMy1BQVYxOmxpaGNfdGNnYV9wYW5fY2FuX2F0bGFzXzIwMTg,11.80261038,1,51.0,Male,STAGE IIIC,G3,1.7,0.11956175224241458,1,0.3984049410989799,1
VENHQS1HMy1BQVYyOmxpaGNfdGNnYV9wYW5fY2FuX2F0bGFzXzIwMTg,12.23000296,0,50.0,Male,STAGE I,G1,1.533333333,-0.4376521281968738,0,-0.635487863622877,0
VENHQS1HMy1BQVYzOmxpaGNfdGNnYV9wYW5fY2FuX2F0bGFzXzIwMTg,13.54505704,0,58.0,Female,STAGE II,G2,2.8,-0.005077711685243835,1,0.44048791609268273,1
VENHQS1HSi1BM09VOmxpaGNfdGNnYV9wYW5fY2FuX2F0bGFzXzIwMTg,28.89831344,0,59.0,Male,STAGE I,G2,1.9,0.33089910451528043,1,-0.01949571362465311,0
VENHQS1HSi1BNkMwOmxpaGNfdGNnYV9wYW5fY2FuX2F0bGFzXzIwMTg,1.019166913,1,75.0,Female,STAGE II,G2,4.5,0.17372000820727912,1,0.3700759223473247,1
VENHQS1HSi1BOURCOmxpaGNfdGNnYV9wYW5fY2FuX2F0bGFzXzIwMTg,2.202715587,1,68.0,Male,STAGE I,G2,2.533333333,0.14334366422905695,1,-0.03753673489152848,0
VENHQS1IUC1BNU1aOmxpaGNfdGNnYV9wYW5fY2FuX2F0bGFzXzIwMTg,2.991748036,1,78.0,Male,STAGE I,G2,1.533333333,0.107647058733915,1,-0.04852995326562023,0
VENHQS1IUC1BNU4wOmxpaGNfdGNnYV9wYW5fY2FuX2F0bGFzXzIwMTg,37.70917579,1,90.0,Female,,,4.3,-0.40489767476190713,0,-0.5839164733593396,0
VENHQS1LNy1BNVJGOmxpaGNfdGNnYV9wYW5fY2FuX2F0bGFzXzIwMTg,20.74497814,0,64.0,Male,STAGE I,G1,3.466666667,-0.31855807481125237,0,-0.7322434676091778,0
VENHQS1LNy1BNVJHOmxpaGNfdGNnYV9wYW5fY2FuX2F0bGFzXzIwMTg,17.06282671,0,66.0,Male,STAGE I,G1,8.266666667,0.40920130029299046,1,0.2625633372186001,1
VENHQS1LNy1BNkc1OmxpaGNfdGNnYV9wYW5fY2FuX2F0bGFzXzIwMTg,16.83269224,0,66.0,Male,STAGE I,G2,2.466666667,-0.11447872018244959,0,-0.20795466080792047,0
VENHQS1LNy1BQVU3OmxpaGNfdGNnYV9wYW5fY2FuX2F0bGFzXzIwMTg,11.80261038,0,61.0,Male,STAGE II,G2,2.166666667,0.6260087587994837,1,0.8267765806040064,1
VENHQS1LUi1BN0s3OmxpaGNfdGNnYV9wYW5fY2FuX2F0bGFzXzIwMTg,31.26541079,0,61.0,Female,STAGE II,G1,2.066666667,0.19017958522289372,1,0.43754971552103095,1
VENHQS1LUi1BN0s4OmxpaGNfdGNnYV9wYW5fY2FuX2F0bGFzXzIwMTg,29.78597495,0,57.0,Male,STAGE I,G1,1.666666667,0.05262284253810302,1,0.14606414452879155,1
VENHQS1LUi1BN0swOmxpaGNfdGNnYV9wYW5fY2FuX2F0bGFzXzIwMTg,2.136962883,1,65.0,Male,STAGE I,G1,2.8,-0.04487610204014694,0,0.29203144205271775,1
VENHQS1LUi1BN0syOmxpaGNfdGNnYV9wYW5fY2FuX2F0bGFzXzIwMTg,27.25449584,0,64.0,Male,STAGE I,G1,1.5,-0.36039409607498335,0,-0.4252712827982172,0
VENHQS1MRy1BNkdHOmxpaGNfdGNnYV9wYW5fY2FuX2F0bGFzXzIwMTg,12.72314824,0,79.0,Female,STAGE II,G2,11.93333333,0.08968906224497149,1,0.2521194211081996,1
VENHQS1MRy1BOVFDOmxpaGNfdGNnYV9wYW5fY2FuX2F0bGFzXzIwMTg,13.97244962,0,48.0,Male,STAGE I,G2,1.466666667,-0.32576563020096466,0,0.13389289578504948,1
VENHQS1MRy1BOVFEOmxpaGNfdGNnYV9wYW5fY2FuX2F0bGFzXzIwMTg,12.03274485,0,68.0,Male,STAGE IIIA,G2,3.3,-0.37116448673383234,0,-0.8513030583711056,0
VENHQS1NSS1BNzVDOmxpaGNfdGNnYV9wYW5fY2FuX2F0bGFzXzIwMTg,9.567018444,0,64.0,Male,STAGE I,G3,3.6,0.23747919059353476,1,0.3997695549518024,1
VENHQS1NSS1BNzVFOmxpaGNfdGNnYV9wYW5fY2FuX2F0bGFzXzIwMTg,16.66831048,0,61.0,Male,STAGE IIIC,G2,3.933333333,-0.009504970261231998,1,-0.01785818868598302,0
VENHQS1NSS1BNzVHOmxpaGNfdGNnYV9wYW5fY2FuX2F0bGFzXzIwMTg,22.94769372,0,63.0,Male,STAGE II,G2,7.6,-0.058517973337062504,0,-0.4948937276464782,0
VENHQS1NSS1BNzVIOmxpaGNfdGNnYV9wYW5fY2FuX2F0bGFzXzIwMTg,24.55863497,0,77.0,Male,,,4.066666667,-0.33155337165033827,0,-0.48653804998881933,0
VENHQS1NSS1BNzVJOmxpaGNfdGNnYV9wYW5fY2FuX2F0bGFzXzIwMTg,20.71210179,0,61.0,Male,,G1,5.266666667,0.34516391751668646,1,0.3938164565204498,1
VENHQS1NUi1BNTIwOmxpaGNfdGNnYV9wYW5fY2FuX2F0bGFzXzIwMTg,7.528684617,0,58.0,Male,STAGE I,G1,0.566666667,-0.4229267883933017,0,-0.9062194669049736,0
VENHQS1NUi1BOEpPOmxpaGNfdGNnYV9wYW5fY2FuX2F0bGFzXzIwMTg,10.84919617,0,34.0,Male,STAGE I,G3,1.1,0.1690458798913369,1,-0.1079836251242124,0
VENHQS1OSS1BNFUyOmxpaGNfdGNnYV9wYW5fY2FuX2F0bGFzXzIwMTg,58.8815465,1,71.0,Male,STAGE IIIA,G1,7.3,-0.29119688786326325,0,-0.5747942555600911,0
VENHQS1OSS1BOExGOmxpaGNfdGNnYV9wYW5fY2FuX2F0bGFzXzIwMTg,26.26820528,0,74.0,Male,STAGE I,G3,3.133333333,-0.36999679378082323,0,-0.1270705663891614,0
VENHQS1POC1BNzVWOmxpaGNfdGNnYV9wYW5fY2FuX2F0bGFzXzIwMTg,17.6874774,0,54.0,Male,STAGE I,G2,2.3,-0.020962676441112726,0,0.15767158851524748,1
VENHQS1QRC1BNURGOmxpaGNfdGNnYV9wYW5fY2FuX2F0bGFzXzIwMTg,21.00798895,1,58.0,Female,STAGE IIIB,G2,1.4,0.158477484010791,1,-0.0782569541504284,0
VENHQS1RQS1BN0I3OmxpaGNfdGNnYV9wYW5fY2FuX2F0bGFzXzIwMTg,3.090377092,0,48.0,Male,STAGE II,G2,2.6,0.20702432598464388,1,0.3292648600020427,1
VENHQS1SQy1BN1M5OmxpaGNfdGNnYV9wYW5fY2FuX2F0bGFzXzIwMTg,21.04086531,0,47.0,Female,STAGE I,G3,1.866666667,0.07481421334012331,1,-0.20018100383332324,0
VENHQS1SQy1BN1NCOmxpaGNfdGNnYV9wYW5fY2FuX2F0bGFzXzIwMTg,19.331295,0,53.0,Male,STAGE II,G2,1.9,0.05421770327659353,1,-0.32636226084099834,0
VENHQS1SQy1BN1NGOmxpaGNfdGNnYV9wYW5fY2FuX2F0bGFzXzIwMTg,19.03540783,0,66.0,Male,STAGE I,G2,2.533333333,-0.00288123408038286,1,-0.3573722786780516,0
VENHQS1SQy1BN1NIOmxpaGNfdGNnYV9wYW5fY2FuX2F0bGFzXzIwMTg,15.38613276,0,42.0,Male,STAGE II,G3,2.066666667,-0.37890919079557356,0,-0.05002816194204361,0
VENHQS1SQy1BN1NLOmxpaGNfdGNnYV9wYW5fY2FuX2F0bGFzXzIwMTg,15.51763816,0,59.0,Male,STAGE I,G3,4.5,-0.10069190411081458,0,-0.30806269090692867,0
VENHQS1SQy1BNk00OmxpaGNfdGNnYV9wYW5fY2FuX2F0bGFzXzIwMTg,0.723279745,0,74.0,Female,STAGE IIIA,G2,5.266666667,-0.1803140433585931,0,0.5470609359125216,1
VENHQS1SQy1BNk01OmxpaGNfdGNnYV9wYW5fY2FuX2F0bGFzXzIwMTg,0.493145281,0,20.0,Female,STAGE IVA,G2,0.766666667,-0.11054091050455112,0,-0.24886479961212898,0
VENHQS1SQy1BNk02OmxpaGNfdGNnYV9wYW5fY2FuX2F0bGFzXzIwMTg,0.295887168,0,75.0,Male,STAGE II,G3,6.033333333,0.7760855048609704,1,1.2158405368908196,1
VENHQS1SRy1BN0Q0OmxpaGNfdGNnYV9wYW5fY2FuX2F0bGFzXzIwMTg,36.09823454,0,69.0,Male,STAGE II,G2,3.066666667,0.31398088985172135,1,0.8587275386153153,1
VENHQS1VQi1BN01BOmxpaGNfdGNnYV9wYW5fY2FuX2F0bGFzXzIwMTg,27.87914653,0,62.0,Female,STAGE II,G2,2.333333333,0.31195082450230766,1,0.4188911839935942,1
VENHQS1VQi1BN01COmxpaGNfdGNnYV9wYW5fY2FuX2F0bGFzXzIwMTg,19.75868758,0,24.0,Male,STAGE II,G3,44.1,0.2618268970853244,1,0.10384385311860121,1
VENHQS1VQi1BN01DOmxpaGNfdGNnYV9wYW5fY2FuX2F0bGFzXzIwMTg,16.43817602,0,59.0,Male,STAGE IIIA,G3,2.1,0.20863766028156716,1,0.05098205528204422,1
VENHQS1VQi1BN01EOmxpaGNfdGNnYV9wYW5fY2FuX2F0bGFzXzIwMTg,1.709570306,1,67.0,Male,STAGE I,G3,3.5,0.3940502671042298,1,0.48990090406668957,1
VENHQS1VQi1BN01FOmxpaGNfdGNnYV9wYW5fY2FuX2F0bGFzXzIwMTg,15.97790709,0,51.0,Male,STAGE I,G2,2.666666667,-0.21905084439264022,0,-0.241939777600962,0
VENHQS1VQi1BN01GOmxpaGNfdGNnYV9wYW5fY2FuX2F0bGFzXzIwMTg,7.035539337,1,56.0,Male,STAGE IIIA,G2,3.333333333,-0.09944786019445141,0,0.009072233916693316,0
VENHQS1VQi1BQTBVOmxpaGNfdGNnYV9wYW5fY2FuX2F0bGFzXzIwMTg,10.75056712,0,60.0,Male,STAGE II,G2,2.333333333,0.05871930890311252,1,0.3664647600334606,1
VENHQS1VQi1BQTBWOmxpaGNfdGNnYV9wYW5fY2FuX2F0bGFzXzIwMTg,10.32317454,0,69.0,Female,STAGE I,G1,1.2,-0.45024612635543054,0,-0.7169230432798976,0
VENHQS1XSi1BODZMOmxpaGNfdGNnYV9wYW5fY2FuX2F0bGFzXzIwMTg,11.34234145,0,68.0,Female,STAGE I,G2,4.033333333,0.14333927254800935,1,0.4895470007843244,1
VENHQS1XUS1BOUc3OmxpaGNfdGNnYV9wYW5fY2FuX2F0bGFzXzIwMTg,0.986290561,0,71.0,Female,,G3,15.06666667,0.07620887026368839,1,0.34200298383306826,1
VENHQS1XUS1BQjRCOmxpaGNfdGNnYV9wYW5fY2FuX2F0bGFzXzIwMTg,12.98615906,0,62.0,Male,STAGE II,G2,2.233333333,-0.15504612237016693,0,-0.3985398369907629,0
VENHQS1XWC1BQTQ0OmxpaGNfdGNnYV9wYW5fY2FuX2F0bGFzXzIwMTg,20.21895651,0,64.0,Female,STAGE I,G3,2.333333333,0.272717276344187,1,0.3646415734617557,1
VENHQS1XWC1BQTQ2OmxpaGNfdGNnYV9wYW5fY2FuX2F0bGFzXzIwMTg,24.85452214,0,61.0,Male,STAGE II,G1,2.033333333,-0.596354168738078,0,-0.8895760368836533,0
VENHQS1XWC1BQTQ3OmxpaGNfdGNnYV9wYW5fY2FuX2F0bGFzXzIwMTg,18.27925173,1,33.0,Female,STAGE IIIA,G2,1.3,-0.12343819329588727,0,-0.17250707407581337,0
VENHQS1YUi1BOFREOmxpaGNfdGNnYV9wYW5fY2FuX2F0bGFzXzIwMTg,33.8626426,0,49.0,Female,STAGE IIIB,G3,1.7,0.28963156503788906,1,-0.05133322880346413,0
VENHQS1YUi1BOFRFOmxpaGNfdGNnYV9wYW5fY2FuX2F0bGFzXzIwMTg,30.41062564,0,16.0,Male,STAGE IIIA,G1,0.4,0.09457863276013756,1,0.11790074054906659,1
VENHQS1YUi1BOFRGOmxpaGNfdGNnYV9wYW5fY2FuX2F0bGFzXzIwMTg,22.78331196,1,74.0,Male,STAGE I,G1,4.5,-0.14542761691406153,0,0.09764301295239246,1
VENHQS1YUi1BOFRHOmxpaGNfdGNnYV9wYW5fY2FuX2F0bGFzXzIwMTg,29.52296413,0,58.0,Male,STAGE I,G2,2.6,-0.010847876935382292,1,0.7584507714987024,1
VENHQS1ZQS1BOFM3OmxpaGNfdGNnYV9wYW5fY2FuX2F0bGFzXzIwMTg,13.54505704,1,68.0,Male,STAGE IIIA,G3,2.366666667,0.7308595857597631,1,0.6607622531512671,1
VENHQS1aUC1BOUNWOmxpaGNfdGNnYV9wYW5fY2FuX2F0bGFzXzIwMTg,35.76947102,1,59.0,Male,,G1,3.5,0.0657161407817459,1,0.19159846990356263,1
VENHQS1aUC1BOUNZOmxpaGNfdGNnYV9wYW5fY2FuX2F0bGFzXzIwMTg,25.7093073,0,66.0,Female,,G1,2.8,-0.27288243233779114,0,-0.6586074458415682,0
VENHQS1aUC1BOUNaOmxpaGNfdGNnYV9wYW5fY2FuX2F0bGFzXzIwMTg,23.21070454,0,72.0,Male,,G1,1.566666667,0.20323644765476837,1,0.4516543525248807,1
VENHQS1aUC1BOUQ0OmxpaGNfdGNnYV9wYW5fY2FuX2F0bGFzXzIwMTg,12.98615906,0,64.0,Female,,G1,2.166666667,-0.16609742645590236,0,0.11372420457067682,1
VENHQS1aUC1BOUQwOmxpaGNfdGNnYV9wYW5fY2FuX2F0bGFzXzIwMTg,35.86810008,0,67.0,Female,,G1,1.766666667,-0.6552577966458928,0,-0.8474245700391478,0
VENHQS1aUC1BOUQxOmxpaGNfdGNnYV9wYW5fY2FuX2F0bGFzXzIwMTg,0.690403393,0,56.0,Female,,G2,4.033333333,-0.08051532307554833,0,0.06273840234127105,1
VENHQS1aUC1BOUQyOmxpaGNfdGNnYV9wYW5fY2FuX2F0bGFzXzIwMTg,25.15040931,1,51.0,Male,,G2,1.833333333,0.4573193224697234,1,-0.18446552387998585,0
VENHQS1aUy1BOUNEOmxpaGNfdGNnYV9wYW5fY2FuX2F0bGFzXzIwMTg,45.56662393,1,73.0,Male,STAGE II,G2,3.1,-0.02354202646233861,0,-0.24421904753610132,0
VENHQS1aUy1BOUNFOmxpaGNfdGNnYV9wYW5fY2FuX2F0bGFzXzIwMTg,40.79955288,0,79.0,Female,STAGE II,G1,3.9,-0.5490728123703487,0,-1.2210347540308182,0
VENHQS1aUy1BOUNGOmxpaGNfdGNnYV9wYW5fY2FuX2F0bGFzXzIwMTg,79.29776112,0,64.0,Male,STAGE II,G2,2.833333333,-0.43289930234269786,0,0.23767755462475837,1
VENHQS1aUy1BOUNHOmxpaGNfdGNnYV9wYW5fY2FuX2F0bGFzXzIwMTg,11.21083605,0,55.0,Male,STAGE II,G2,2.5,-0.354371809082566,0,-0.7348359121629953,0
