,0
SLC7A1,0.46437694444444444
OSGIN2,-0.23858916666666666
PIM3,-1.094538611111111
CHD2,-0.35250305555555556
HSPA4L,-0.25861388888888887
ALDH18A1,0.7660663888888889
PDGFA,1.7681266666666668
OPTN,0.7566719444444445
RUSC2,-0.391565
RHBDD1,-0.37237916666666665
PKDCC,1.5005786111111112
SH3TC1,-0.8860738888888889
SLC1A4,1.0809741666666668
AFG3L2,-0.9888608333333334
DUSP8,0.45941666666666664
AKNA,-0.8394572222222223
TXNRD1,2.6550283333333335
PPFIA1,0.5907988888888889
NEDD4L,1.5020066666666667
TRAF3,0.5300522222222223
LRRC58,-0.0021624999999999735
SRFBP1,0.2657905555555556
PALLD,0.5671708333333333
INSIG2,-1.8479630555555555
SAMD8,-0.8106611111111112
ZBTB2,-0.9257147222222222
RALGPS1,0.4198969444444445
CALCRL,0.21882083333333333
AMPD3,0.22747388888888892
MAFG,2.122860277777778
PTPN23,2.6300458333333334
MAFF,-0.9744688888888889
TUBA1A,0.5715886111111111
PYCARD,0.6221197222222222
LOXL3,0.07316666666666669
EPS8,-0.8568166666666667
CCN1,-2.1783222222222225
TLR8,-1.0792002777777778
CEP19,0.8512505555555555
PPM1M,0.6155788888888889
ZNRF3,-0.2652844444444445
BICRA,2.059728888888889
ATP8B2,0.5692036111111111
BMP1,-1.1252969444444445
TIAM1,-2.911782777777778
GALNT2,-0.4879766666666667
CCN2,-0.6383541666666667
DAB2,-0.05131472222222223
MCAT,-0.5166122222222224
PPP1R10,-0.08312500000000002
ANKRD28,-1.2723091666666666
COL6A3,0.32101722222222223
ADAMTS2,-3.0133558333333332
MXRA8,-0.6837566666666668
MBOAT7,1.688105277777778
CHAF1A,2.359722222222222
ZMYM3,1.1490558333333334
ZZEF1,0.022706944444444446
SEMA7A,1.007111388888889
JADE2,1.2167002777777778
ANKMY2,0.6552569444444445
WDR35,0.3088208333333333
KLF7,-0.9760361111111109
SHTN1,0.13756305555555556
DUSP23,0.9929197222222222
BRWD3,0.164845
LIG1,2.4812069444444447
KIF24,2.413572777777778
RNF217,-1.7255672222222223
PBX2,2.096878611111111
SPTBN1,-0.46823055555555554
ARHGAP23,-0.1659175
KLHL18,0.4681486111111111
FERMT2,-3.2224099999999996
CDK2AP2,0.6314841666666667
POLM,2.0883641666666666
AZIN2,0.696785
ASF1B,3.098646111111111
ZBTB8A,0.18614083333333337
EME2,1.525271111111111
MCM5,2.2491330555555553
TAF12,0.5555094444444445
KIF15,3.5712572222222225
VAV3,-0.15167611111111112
MMP2,-0.3828783333333334
WDR19,-0.097475
ANKS1A,-1.0988880555555556
CHD4,1.1233411111111111
PPP1R13B,-0.20664694444444442
TCEANC,0.13128111111111113
SLIT2,-0.896945
