gene,beta,se,HR,HR_lo,HR_hi,z,p
MAFG,0.3979133592964897,0.09720789098482022,1.4887150410010348,1.2304616128184682,1.8011715686328225,4.093426523970436,4.250448085853494e-05
KIF15,0.36841000749238084,0.09083211495510175,1.4454345564951763,1.2097120227322848,1.7270896030209786,4.0559443944962155,4.993213841193223e-05
TXNRD1,0.3359503315578124,0.09511406760837085,1.3992695235474997,1.161288523338427,1.686019589602241,3.532078271965796,0.00041230729663042746
DAB2,0.31048777970881797,0.09517657566993147,1.3640903274629372,1.1319537467943463,1.6438325565399656,3.2622289415578165,0.001105398302828602
CEP19,0.28763795355406596,0.09089709025680211,1.3332745094340124,1.1157010261479747,1.593277119806773,3.164435217248785,0.001553842495774725
MBOAT7,0.2506697392335897,0.08549437007048985,1.2848856669257358,1.086654655050049,1.5192786129418039,2.9320028795687163,0.0033678362422524316
ASF1B,0.25647494205749816,0.09098983784501759,1.2923663813514623,1.0812720119419534,1.5446722426929296,2.8187207289494274,0.004821544762761053
PPP1R10,-0.23058227366076584,0.08219459995874127,0.7940711011782401,0.6759198809258685,0.9328752290326229,-2.8053214417554173,0.005026642332934009
OSGIN2,0.2523068459885182,0.09415241336607669,1.2869908846932985,1.0701207651523863,1.5478117902401172,2.6797703528587924,0.007367268403020081
MCM5,0.2383303659988121,0.09038740006157786,1.26912840044676,1.0630842119229071,1.5151075321748408,2.636765365929828,0.008370070429230847
SLC7A1,0.24532390354735886,0.09609717050437358,1.2780352063075184,1.0586313666777138,1.5429110075280434,2.5528733287333747,0.010683834383365575
KLHL18,0.2193996756651555,0.08642712322046033,1.2453289048943657,1.0512770117538854,1.4752002222307399,2.538551180345384,0.011131252035626185
WDR35,0.23261783108509496,0.09250258152629304,1.2618991285427192,1.0526555880938357,1.5127354365737005,2.5147171813683427,0.011912790446461726
SLC1A4,0.21673580579452353,0.08813193141434195,1.2420159253778793,1.0449827669610767,1.476199998377321,2.459219970745513,0.013923927488955172
TAF12,0.22090498890507795,0.09142088752168252,1.2472049266288885,1.0426059934825902,1.4919539487889446,2.41635139292085,0.01567692405738312
TRAF3,0.20685754742897056,0.09084834354973355,1.2298073700803438,1.0292167396531053,1.4694923908968782,2.2769545304447902,0.022788941018780293
FERMT2,-0.16983293523782708,0.0752515224533614,0.843805775032588,0.7280953900882143,0.9779050872607246,-2.2568704220314526,0.024016172735958647
PTPN23,0.18909260123452992,0.08966722409960283,1.208152823746093,1.0134375546102228,1.4402794122693097,2.1088263089809143,0.03495957681977022
TIAM1,-0.18140435359042062,0.08739441662265808,0.834098019969186,0.7027920303272568,0.9899365344148157,-2.075697288233735,0.03792195691473859
CHAF1A,0.17785020570237337,0.08588537271895877,1.194646356619294,1.0095634082861988,1.4136605047982935,2.07078574700199,0.03837882277958826
CHD4,0.18876732520475106,0.09173849885960966,1.2077599044992895,1.009003460949265,1.4456679717865495,2.0576674738664265,0.039622064718018504
OPTN,0.18699552732844613,0.09469480361351382,1.2056218926871214,1.0013980991534952,1.4514948144550845,1.9747179379731048,0.04830016611955649
LRRC58,0.17947875575688266,0.09141452179114086,1.1965934830745897,1.0003096333087946,1.4313927568610867,1.9633505950722618,0.04960545026462274
AKNA,-0.16174341709231516,0.0870438429575402,0.8506594412140118,0.7172389614321536,1.0088987406395726,-1.8581833199990176,0.063142985872862
CALCRL,-0.15018689728890208,0.08516595109193163,0.8605471274693126,0.7282513028436235,1.0168761191419398,-1.7634617515958246,0.07782264275630518
HSPA4L,0.16024073836000705,0.09266850324266868,1.1737934140824589,0.9788408725234777,1.407574017001735,1.7291823300565097,0.08377646778865885
SRFBP1,0.14867318872158838,0.08863541018035805,1.1602937301621068,0.9752621005952814,1.380430490871891,1.677356582646412,0.09347277411873148
MAFF,0.14502866339901715,0.08676028391658697,1.1560727067664038,0.9752919973434734,1.3703630368859843,1.6716019917414118,0.09460283176886002
PDGFA,0.1512088118194096,0.09252141881717471,1.1632395308864352,0.9703195421261979,1.3945160820443507,1.6343114248842536,0.10219347595907971
ZZEF1,-0.14234642263432817,0.0872527774393527,0.867320744899656,0.7309876427437555,1.0290806992437633,-1.6314256899531907,0.10280052783562807
POLM,-0.14213675640366144,0.0886103506603519,0.8675026118360295,0.7291980922856531,1.0320388787406862,-1.6040649353536478,0.1086997399945559
ZMYM3,0.13711285331333017,0.09095721192601686,1.146957579179981,0.9596755636261687,1.3707879394862303,1.5074434496173386,0.13169702872161812
PKDCC,0.1389230994233639,0.09506050428264318,1.1490357350953881,0.9537134063261182,1.3843604501819635,1.4614176568041777,0.14390085801278643
BICRA,-0.13557726767169614,0.09281006454573763,0.8732116892876182,0.7279800379322148,1.0474169820293,-1.460803505905143,0.14406937343322637
SPTBN1,-0.1286517254439897,0.08931622464209468,0.879280143127014,0.7380761252341279,1.0474984133272345,-1.4404071148273347,0.14975225192873218
SEMA7A,-0.11808328209581044,0.08362880324170674,0.8886220432266884,0.7542791722563525,1.0468924037054026,-1.4119929679553374,0.15795203174244066
ANKRD28,-0.10562589684362855,0.08131835544302433,0.8997611886222029,0.7672006219070918,1.055226199554461,-1.2989182610515935,0.19397198206926286
ATP8B2,0.12242283153645643,0.09572174543805416,1.1302318984496236,0.9368909907806436,1.3634714783719448,1.278944830938982,0.20091648409383825
RALGPS1,-0.11413483363155577,0.0893917128613742,0.8921376576122407,0.7487580552427966,1.0629730051742408,-1.2767943467931127,0.20167486191490686
CCN1,-0.10964052033766437,0.08705914203418436,0.896156227338294,0.7555772115271094,1.0628906901176305,-1.2593797477881563,0.20789320090969354
NEDD4L,0.10453739614489588,0.0846862900579492,1.1101969101744529,0.9404049652905256,1.3106451208284786,1.2344075537299244,0.21705107568963897
SHTN1,0.11162727770749971,0.09060214099158005,1.1180960436507528,0.9361779944637784,1.3353643967496986,1.2320600427960482,0.21792665596211758
DUSP23,0.10365647753155238,0.08675623742583652,1.1092193476915144,0.935772747367372,1.3148144832755668,1.1948014414544317,0.23216461702996014
AZIN2,0.11791441311548194,0.10059136586748076,1.1251478093506817,0.9238172196494442,1.3703550507177427,1.172212069083768,0.24111192402727863
PPM1M,0.09269326358159297,0.08482898165075657,1.0971251554093562,0.9290725158035553,1.2955755187644717,1.092707489560748,0.2745222503424746
LOXL3,0.09857831808933394,0.0920246329614942,1.1036008329185103,0.9214685346909385,1.3217323788781636,1.0712166396858327,0.2840720314502957
CCN2,-0.08924715912999276,0.08714968176802991,0.9146194890789842,0.7710073312883139,1.0849816543317494,-1.0240675274930526,0.30580338081299585
ALDH18A1,0.09108925135532746,0.08904840351633504,1.095366763864112,0.9199440625004607,1.3042405471012393,1.0229184101949458,0.3063464241250351
CHD2,-0.08222091941226725,0.08174701691814557,0.9210684543165568,0.7847091586271501,1.0811229717533954,-1.0057971839461275,0.3145131422110062
ZBTB2,0.08502539625818079,0.08928713360899157,1.0887447163892083,0.9139547925116159,1.2969624615764048,0.9522693004182003,0.34096042298356205
KIF24,0.0855903610289179,0.090346035647221,1.0893599925866166,0.9125753560289961,1.3003914532737033,0.9473615573252949,0.3434545731477211
ANKS1A,0.08232785761850951,0.08883544244887401,1.0858117431308911,0.9122999867705044,1.2923239708623682,0.92674562482075,0.35405862280267053
AMPD3,0.08205006036315994,0.09020546692241825,1.0855101495017037,0.9096008464126755,1.295438861252571,0.9095907727380601,0.3630383666382382
LIG1,0.07784684558505979,0.08797296400079561,1.0809570926407237,0.9097576847090192,1.2843730322585998,0.8848951091878154,0.3762132060950679
TUBA1A,0.07906694859156985,0.09024719711874833,1.0822767765508037,0.9068172773178971,1.2916858228877515,0.876115282422928,0.3809673655162359
PBX2,-0.07665840496764653,0.08933633646905959,0.9262061870068768,0.7774356474107804,1.103445543958372,-0.8580876270228086,0.39084407897674556
ARHGAP23,-0.07296453501346918,0.08918039449872411,0.9296337988913254,0.7805512357844568,1.1071906114818637,-0.8181678879488817,0.41326132862006126
ZBTB8A,0.07762478689898923,0.09501415283977403,1.0807170833780904,0.8970896024275559,1.30193172582174,0.8169813083519342,0.413939109923943
BMP1,-0.0710598869139454,0.08747316188860618,0.9314061114196988,0.7846605039193147,1.1055957832168009,-0.8123621620587754,0.41658385117089447
KLF7,0.06155517297685787,0.08422752275083364,1.063489170773576,0.9016510122893819,1.2543758071994209,0.7308201757156466,0.4648889983506691
PYCARD,0.05543820886234611,0.08753943215513434,1.057003701593259,0.8903541933322339,1.254845356543347,0.6332941338264617,0.526541583355236
PALLD,0.06155619777135034,0.09749351809776953,1.0634902606319796,0.8785103531207834,1.2874196990864342,0.6313875934769312,0.5277871260530801
BRWD3,0.04720042802645649,0.07670536205936793,1.0483321031590886,0.9020012987803654,1.2184020133895188,0.6153471772928287,0.5383254677111834
AFG3L2,-0.05198797949926233,0.08681630049773954,0.9493402783198195,0.800799398787844,1.1254341167145656,-0.5988273999375953,0.5492879886742186
INSIG2,-0.04379185086689162,0.08494352570318023,0.9571531673416808,0.8103588522412752,1.1305388757318597,-0.5155407725824134,0.6061751857275419
SAMD8,0.04098131693012332,0.08347593343670841,1.0418326407316223,0.8845922220703548,1.2270232817031241,0.49093571335977243,0.6234719167783711
PPP1R13B,0.043438627120589005,0.09174297326938383,1.0443958947617527,0.8725159918356838,1.2501350063514014,0.4734817890961596,0.6358694903684524
GALNT2,-0.037363008789044756,0.08187269650179868,0.9633263759288416,0.8205088804854977,1.1310026358411827,-0.456354931319795,0.6481347689114443
MCAT,0.03467153692895104,0.07862108625873225,1.0352796018289798,0.8874323724754647,1.207758345544019,0.44099539422352046,0.6592163313519408
MXRA8,0.03691714236621576,0.0849664478436622,1.0376070436118399,0.8784344101714715,1.2256218159108125,0.43449082906399833,0.6639320530516095
ZNRF3,0.03598070216697533,0.08413253828227163,1.0366358414725214,0.8790477648416366,1.2224749448274155,0.42766690393028556,0.6688936487986792
EPS8,0.034420503561874746,0.08433793088150793,1.0350197447224343,0.8773240965609073,1.2210605820182459,0.4081260140260548,0.6831811623663673
ANKMY2,0.0364004010536927,0.09092869729743362,1.0370710076941203,0.867780418146853,1.2393875829745795,0.4003180748826154,0.6889222567227704
CDK2AP2,-0.03378741836726245,0.08905534099485125,0.9667770018278103,0.8119368771451858,1.1511458557584888,-0.3793980011734038,0.7043923346410064
WDR19,0.0276348379048189,0.08426365223391141,1.0280202218551473,0.8715178906342129,1.2126263704971598,0.32795680192102356,0.7429443248663172
EME2,-0.02555081599465713,0.08370021725430545,0.9747728436555436,0.8272897957101735,1.1485480682287958,-0.3052658264556992,0.7601637010384574
PIM3,-0.023302740548826792,0.09076183307153284,0.9769666715720251,0.8177548640109086,1.1671760320459421,-0.2567460325582122,0.7973748334866313
RNF217,-0.016884388445035307,0.07370300218841747,0.983257353975662,0.8510030058410901,1.1360653458464427,-0.22908684780399236,0.818801415598238
VAV3,-0.021667763140444232,0.09608787615200266,0.9785652965105037,0.8105870507997326,1.1813537344199159,-0.22549944913099876,0.8215907538651597
DUSP8,-0.018481581852241163,0.08197582562159286,0.9816881553027819,0.835979449887791,1.1527934501154695,-0.2254516098142599,0.8216279660727097
RUSC2,0.01687300038288764,0.08723270399307798,1.0170161534611295,0.857186334339478,1.2066476272021869,0.19342516751775268,0.8466260067648448
COL6A3,0.01760632612371478,0.09207630374717488,1.0177622311108376,0.8497102133893798,1.2190508514001304,0.19121451890660832,0.8483575290442538
JADE2,-0.015257746742282521,0.08757518069851386,0.9848580629291946,0.829525069943151,1.169277987201903,-0.1742245533561479,0.8616889898379607
RHBDD1,-0.011751681055225876,0.0860772048603703,0.9883171002529376,0.8348861568973133,1.1699447674187666,-0.13652489151208855,0.8914063481948807
MMP2,0.011347639131927864,0.09361800531035823,1.0114122678185204,0.8418610689669979,1.215111154562611,0.12121214390659871,0.9035230055949983
SLIT2,0.008546426722944521,0.0824173212759336,1.0085830516909933,0.8581395434367366,1.1854013486948807,0.10369697280418812,0.9174098290570911
ADAMTS2,-0.0065266462702438625,0.08836077289352147,0.9934946060249842,0.8355119913149113,1.181349331261385,-0.07386361681227882,0.941118906313029
TLR8,-0.005274565547111843,0.08589191015095186,0.994739320548642,0.8406165939480541,1.177119655939983,-0.061409340388890975,0.9510332138461123
PPFIA1,0.004281634719534824,0.08067385714074006,1.0042908140135896,0.8574124367183655,1.1763300786402906,0.05307338549668293,0.9576734368542231
TCEANC,0.004601061252076995,0.08756516553269031,1.0046116623869874,0.8461797178477986,1.1927071411861447,0.052544424761685644,0.9580948983613143
SH3TC1,-0.001216616670169152,0.08516053418767784,0.9987841231078527,0.8452454701584237,1.180213038450651,-0.01428615592626459,0.9886016844763085
