model,metric,value,lo,hi,p,note
MRG-2,cv calibration slope,0.9486,0.5371,1.3792,,bootstrap SE 0.2142
MRG-2,integrated Brier score,0.1972,,,,
MRG-2,Brier score at 12 months,0.1244,,,,
MRG-2,Brier score at 24 months,0.1879,,,,
MRG-2,Brier score at 36 months,0.2052,,,,
MRG-2,Brier score at 48 months,0.2169,,,,
MRG-2,Brier score at 60 months,0.2333,,,,
MRG-2,calibration quintile 1 (n = 72),0.3975,0.3609,,,value = mean predicted 3-year survival; lo = Kaplan-Meier observed
MRG-2,calibration quintile 2 (n = 72),0.5484,0.4895,,,value = mean predicted 3-year survival; lo = Kaplan-Meier observed
MRG-2,calibration quintile 3 (n = 72),0.6276,0.6773,,,value = mean predicted 3-year survival; lo = Kaplan-Meier observed
MRG-2,calibration quintile 4 (n = 72),0.7057,0.7911,,,value = mean predicted 3-year survival; lo = Kaplan-Meier observed
MRG-2,calibration quintile 5 (n = 72),0.7988,0.7623,,,value = mean predicted 3-year survival; lo = Kaplan-Meier observed
Model A,cv calibration slope,0.9535,0.6508,1.281,,bootstrap SE 0.1607
Model A,integrated Brier score,0.1889,,,,
Model A,Brier score at 12 months,0.1214,,,,
Model A,Brier score at 24 months,0.1842,,,,
Model A,Brier score at 36 months,0.1999,,,,
Model A,Brier score at 48 months,0.2048,,,,
Model A,Brier score at 60 months,0.2119,,,,
Model A,calibration quintile 1 (n = 72),0.3322,0.3727,,,value = mean predicted 3-year survival; lo = Kaplan-Meier observed
Model A,calibration quintile 2 (n = 72),0.5476,0.6038,,,value = mean predicted 3-year survival; lo = Kaplan-Meier observed
Model A,calibration quintile 3 (n = 72),0.6518,0.6343,,,value = mean predicted 3-year survival; lo = Kaplan-Meier observed
Model A,calibration quintile 4 (n = 72),0.7382,0.6691,,,value = mean predicted 3-year survival; lo = Kaplan-Meier observed
Model A,calibration quintile 5 (n = 72),0.8209,0.8452,,,value = mean predicted 3-year survival; lo = Kaplan-Meier observed
MRG-2,Schoenfeld PH test (rank),9.9868,,,0.0016,chi-squared statistic in 'value'
MRG-2,Schoenfeld PH test (km),11.1887,,,0.0008,chi-squared statistic in 'value'
MRG-2,Schoenfeld PH test (identity),11.4692,,,0.0007,chi-squared statistic in 'value'
MRG-2,Schoenfeld PH test (log),4.36,,,0.0368,chi-squared statistic in 'value'
Model A,Schoenfeld PH test (rank),2.2992,,,0.1294,chi-squared statistic in 'value'
Model A,Schoenfeld PH test (km),2.4289,,,0.1191,chi-squared statistic in 'value'
Model A,Schoenfeld PH test (identity),2.4681,,,0.1162,chi-squared statistic in 'value'
Model A,Schoenfeld PH test (log),0.1401,,,0.7082,chi-squared statistic in 'value'
