term,coef,se,HR,lo,hi,p
MAFG,0.0563996012134535,0.0472456577974742,1.0580203855048231,0.964447204850866,1.1606722799480458,0.2325749703534933
KIF15,0.0566807666764102,0.0476164860605104,1.0583179061206318,0.9640174999391224,1.1618427990013551,0.2339048753713513
TXNRD1,0.0492341386436841,0.0471737645250951,1.0504662766977817,0.9576961324454296,1.1522228827024914,0.2966351919713576
DAB2,0.0396031345166551,0.047006950858786,1.040397794275575,0.948826998060261,1.1408060400329547,0.3995107771277408
CEP19,0.0383953683244934,0.0465431131015506,1.0391419955015542,0.9485436628541024,1.1383936545059612,0.4094045259032973
MBOAT7,0.0445679393713602,0.0461309623781026,1.045576010074281,0.9551880131576092,1.144517286422926,0.3339852875075682
ASF1B,0.0187166307650835,0.0480991200901415,1.0188928848087204,0.9272278856412328,1.119619811688363,0.6971827478247834
PPP1R10,-0.0573754775630059,0.0457802287122176,0.9442394620650364,0.8632049962119615,1.032881141366724,0.2101035659400487
OSGIN2,0.0345771444339082,0.0464769021028813,1.0351818838162925,0.9450514487953068,1.133908142194226,0.4568982229543958
MCM5,0.0283082528565576,0.0475203852942314,1.0287127391928284,0.9372267869616926,1.129128952031187,0.551370605735682
SLC7A1,0.0300186636704783,0.0466576089740626,1.030473766196853,0.9404201179975246,1.1291508576837164,0.5199762895320421
KLHL18,0.0248353190933296,0.0461817226523983,1.0251462846031658,0.9364312288202224,1.122265973722063,0.5907332427630794
WDR35,0.0398418250724706,0.046270996332578,1.0406461570431047,0.9504234458071446,1.1394336166116932,0.3892083192960734
SLC1A4,0.0243599448691429,0.0462828589218351,1.024659072296706,0.9358006633241152,1.1219549799317714,0.5986606275135467
TAF12,0.0503550891796896,0.0455355381785248,1.051644457651619,0.9618536934755788,1.1498173504050155,0.268795116292078
TRAF3,0.0247007369953946,0.0465531769405901,1.0250083275489767,0.9356237936378652,1.122932185659446,0.5957016338780867
FERMT2,-0.037573091725069,0.0451744960955086,0.963124018752076,0.8815148093704138,1.0522884761966231,0.4055600122995553
PTPN23,0.0104696947340144,0.0468661842599125,1.0105246937613548,0.9218374813228286,1.1077442362574843,0.8232277051898367
TIAM1,-0.0373852452207914,0.0461456018269755,0.9633049552257944,0.8800038796322521,1.0544913019592104,0.4178491645664463
CHAF1A,0.0163781211660643,0.0473412322400621,1.016512977819461,0.926437226422912,1.115346625334866,0.7293735941760708
CHD4,0.0165536597862137,0.0466317430236271,1.0166914307671853,0.9278892675499408,1.1139922634570103,0.7225993748978577
OPTN,0.0309724458601027,0.0462185188521387,1.0314570825822107,0.9421279491475744,1.1292560784038008,0.5027745108602084
LRRC58,0.0374526781851029,0.0458795480554546,1.038162868168319,0.948883182198296,1.1358428108574463,0.4143135801222631
