gene,freq
KIF15,0.91
MAFG,0.78
AKNA,0.625
PPP1R10,0.57
MBOAT7,0.51
DAB2,0.46
TAF12,0.45
CEP19,0.38
TXNRD1,0.34
WDR35,0.33
PDGFA,0.295
TIAM1,0.26
TRAF3,0.255
FERMT2,0.245
SLC7A1,0.245
MAFF,0.235
OSGIN2,0.205
KLHL18,0.205
LRRC58,0.205
POLM,0.195
ZZEF1,0.195
BICRA,0.185
OPTN,0.18
DUSP23,0.165
SRFBP1,0.16
JADE2,0.14
HSPA4L,0.14
ANKRD28,0.115
CALCRL,0.11
CHD4,0.11
SEMA7A,0.095
SLC1A4,0.09
SPTBN1,0.08
MCM5,0.08
CCN2,0.075
RALGPS1,0.075
EME2,0.075
PKDCC,0.075
AZIN2,0.065
CHAF1A,0.065
AFG3L2,0.06
MCAT,0.06
ALDH18A1,0.055
CCN1,0.05
ZMYM3,0.05
TCEANC,0.05
SHTN1,0.045
PBX2,0.045
ZBTB8A,0.045
CHD2,0.045
PTPN23,0.04
ANKS1A,0.025
GALNT2,0.025
PIM3,0.025
TLR8,0.025
PYCARD,0.02
ASF1B,0.02
ANKMY2,0.02
CDK2AP2,0.02
ARHGAP23,0.02
BRWD3,0.02
AMPD3,0.015
DUSP8,0.015
PPFIA1,0.015
NEDD4L,0.015
INSIG2,0.015
RNF217,0.015
PPP1R13B,0.015
PPM1M,0.015
SH3TC1,0.015
VAV3,0.01
RUSC2,0.01
ZBTB2,0.01
ZNRF3,0.01
BMP1,0.01
RHBDD1,0.005
TUBA1A,0.005
ADAMTS2,0.005
EPS8,0.005
WDR19,0.005
KLF7,0.005
MMP2,0.005
ATP8B2,0.005
MXRA8,0.0
PALLD,0.0
SAMD8,0.0
KIF24,0.0
LIG1,0.0
LOXL3,0.0
COL6A3,0.0
SLIT2,0.0
