sample,T,E,age,sex,tnm,bclc,scoreA,scoreB
GSM2011285,30.72,0,55.0,1,I,B,0.5098069634719731,0.2916808511773342
GSM2011286,26.04,0,70.0,1,II,B,0.1424585361462565,0.2052067942456729
GSM2011287,0.48,0,65.0,1,I,A,-0.2853516700005258,-0.6355599970971184
GSM2011288,5.88,1,77.0,1,II,B,0.250602691145565,0.0940676122019083
GSM2011289,11.76,1,55.0,1,I,A,-0.1172351464574544,-0.4014268206543447
GSM2011290,0.36,0,14.0,1,IIIA,B,0.0281410376359978,0.0438952416626291
GSM2011291,6.959999999999999,0,78.0,1,IIIA,0,0.2577905732552267,-0.2149594573235691
GSM2011292,0.48,0,73.0,1,II,A,-0.0598781797882929,0.3682674964755824
GSM2011293,21.6,0,71.0,2,IIIA,B,-0.1601554095715952,0.3265999255066312
GSM2011294,0.8400000000000001,1,71.0,2,I,A,-0.0574226800690774,-0.4253904318690145
GSM2011295,0.48,0,66.0,1,I,A,0.0520544950219689,0.3775950416397431
GSM2011296,30.72,0,55.0,1,I,B,0.3925964254906809,0.3277631166687689
GSM2011297,18.0,1,59.0,1,IIIB,C,-0.2219532458653915,-0.1299518865715095
GSM2011298,25.08,0,79.0,1,IIIB,C,0.2699927002868695,0.4382135239176638
GSM2011299,43.44,1,65.0,1,I,B,0.0363818375766686,-0.2177876714436365
GSM2011300,0.24,0,55.0,2,I,A,0.1310698576366417,0.7027374298407023
GSM2011301,0.8400000000000001,0,71.0,1,I,A,-0.2936430076191802,-0.1987373024716429
GSM2011302,57.84,0,67.0,1,IIIA,B,0.1591502722312775,0.1859742441448705
GSM2011303,36.36,0,79.0,1,I,A,-0.1050054803587256,0.0386595602382801
GSM2011304,0.48,0,65.0,1,I,A,-0.3747647020623829,-0.380765119316614
GSM2011305,6.959999999999999,0,78.0,1,IIIA,0,0.399193026788535,0.2459204495878528
GSM2011306,20.4,1,61.0,1,IIIB,C,-0.1704984604386997,-0.5059334296330059
GSM2011307,9.36,0,55.0,1,IIIB,A,-0.4514152810827084,-0.4843658169439881
GSM2011308,14.64,0,54.0,1,I,0,-0.1625842796471694,-0.2822798329704915
GSM2011309,13.68,0,58.0,2,II,A,0.1811248530126318,0.1493510766621582
GSM2011310,12.84,0,58.0,1,I,A,0.3051307113061259,0.1513437564586725
GSM2011311,15.24,0,56.0,1,II,C,-0.2809432441402173,-0.0300966437238459
GSM2011312,9.0,0,58.0,1,I,A,-0.048266989331287,-0.1226278020423211
GSM2011313,27.119999999999997,0,63.0,1,II,0,0.2973530674857558,-0.0499446139796647
GSM2011314,6.36,0,54.0,2,I,B,-0.057540717146641,0.1385303307031977
GSM2011315,0.8400000000000001,1,68.0,1,II,A,0.2175511753190524,-0.1672054988999719
GSM2011316,24.36,0,74.0,1,I,A,-0.1081103258829749,-0.4934170314381642
GSM2011317,19.799999999999997,0,51.0,1,I,A,-0.1208004493616388,-0.2486883224323148
GSM2011318,21.48,0,43.0,1,II,A,0.294511949450024,-0.0912079734685838
GSM2011319,10.68,0,73.0,1,I,A,-0.1280069460106273,-0.416235445813492
GSM2011320,32.519999999999996,0,53.0,1,I,A,0.2948544726568742,1.1772514863623358
GSM2011321,33.480000000000004,0,50.0,1,I,A,0.9191745559364612,1.7422465298749514
GSM2011322,5.04,1,73.0,1,IIIB,C,0.0691685960576658,-0.0279437779777323
GSM2011323,6.6000000000000005,0,61.0,1,IIIB,C,-0.1253630244759449,-0.1250325618856543
GSM2011324,6.24,0,41.0,1,I,A,0.314637155021463,-0.1557324442187691
GSM2011325,8.16,0,68.0,1,II,A,0.2406383204593019,0.3995670671575567
GSM2011326,1.7999999999999998,1,60.0,1,II,B,-0.2113571502997429,-0.373892550351436
GSM2011327,38.400000000000006,0,47.0,2,I,A,-0.0116790406769488,0.2338824653422324
GSM2011328,33.480000000000004,0,50.0,1,I,A,0.0541380202364803,0.4341844469575264
GSM2011329,57.48,0,53.0,1,I,A,0.0049555501410481,-0.0223894052213824
GSM2011330,16.56,0,49.0,1,II,A,0.2831461306965193,0.0351252283742147
GSM2011331,31.92,0,48.0,2,IIIA,B,-0.360804732538262,-0.4175306548379039
GSM2011332,50.28,0,85.0,1,I,A,-0.4677658289711067,-0.5151924328983775
GSM2011333,69.12,0,58.0,1,I,A,0.1138614788989527,-0.3610094722624016
GSM2011334,69.12,0,58.0,1,I,A,0.5995954635177003,0.9904341553192172
GSM2011335,47.76,1,55.0,1,II,B,-0.0886023776419038,-0.0743628088354012
GSM2011336,59.760000000000005,0,81.0,1,I,A,-0.0923424120848897,0.0465322676877034
GSM2011337,7.68,0,60.0,1,II,A,-0.5040673505720606,-0.7076752943183497
GSM2011338,6.24,1,70.0,1,II,A,-0.4376171805605593,-0.630765558652259
GSM2011339,39.36,0,57.0,1,IIIA,B,0.0434647019956873,0.7820290631663301
GSM2011340,9.36,0,68.0,1,I,A,-0.3869300845368251,-0.5764151448714117
GSM2011341,0.24,0,63.0,1,II,A,0.0964917227664587,-0.0001117139604155
GSM2011342,4.08,0,52.0,1,II,A,0.5018423959019945,0.1536494104657141
GSM2011343,6.959999999999999,0,65.0,1,II,A,0.1602053481387868,0.7603084084003257
GSM2011344,9.36,0,65.0,1,I,A,0.2089997733887177,0.421123337665064
GSM2011345,75.48,1,56.0,1,I,A,-0.1916644855915646,-0.0727462908611572
GSM2011346,2.28,1,41.0,1,IIIB,C,-0.0649888234184637,0.1489926579992656
GSM2011347,14.04,0,64.0,1,I,A,-0.0088671275565816,-0.1128865669320094
GSM2011348,0.24,0,61.0,2,I,A,-0.0519373454643548,0.3681732395125384
GSM2011349,59.760000000000005,0,44.0,1,II,B,0.0322918454734071,-0.3496019982029802
GSM2011350,32.519999999999996,1,78.0,1,I,A,-0.2388238438215953,-0.2885509525876899
GSM2011351,5.28,0,80.0,2,IIIB,C,-0.0873141624507304,0.0074885052174105
GSM2011352,6.48,0,56.0,2,,A,-0.1228346447752802,-0.1122041774017142
GSM2011353,6.6000000000000005,0,53.0,1,II,A,0.5414347818997465,0.7595653238754987
GSM2011354,7.199999999999999,1,69.0,1,IVA,B,-0.0180745057846202,0.6789946832350513
GSM2011355,59.760000000000005,0,81.0,1,I,A,-0.0030116395422392,-0.3096252375205796
GSM2011356,0.24,0,58.0,1,IIIA,B,0.3277471382046291,-0.0848181568536178
GSM2011357,38.400000000000006,0,47.0,2,I,A,-0.2288538081844447,-0.4896099895348474
GSM2011358,38.400000000000006,0,47.0,2,I,A,-0.2286880202831213,-0.4818307886079863
GSM2011359,0.8400000000000001,1,71.0,2,I,A,-0.2740861544942524,-0.6053911211219809
GSM2011360,1.2000000000000002,0,68.0,2,I,A,0.05190277120675,-0.3028389752760979
GSM2011361,43.56,0,75.0,1,II,A,0.2904518417675482,0.5982570108881899
GSM2011362,1.56,0,54.0,1,I,A,-0.1031605402816354,-0.2475915754345868
GSM2011363,0.24,0,73.0,2,I,A,0.3594525479055003,0.9265341654011664
GSM2011364,29.52,0,64.0,2,II,A,-0.0029558527714228,-0.0374047869305574
GSM2011365,0.48,0,51.0,1,II,A,-0.2760914160206788,-0.3835064904974209
GSM2011366,4.68,0,61.0,1,II,A,-0.0326979372555409,-0.090021906005857
GSM2011367,20.04,0,39.0,1,II,B,-0.2488973454774888,-0.2922731302347426
GSM2011368,7.800000000000001,0,78.0,1,I,A,-0.276356094047462,-0.1831201930957611
GSM2011369,9.36,0,70.0,1,II,A,-0.0762482244125792,-0.0506947220820816
GSM2011370,3.5999999999999996,0,66.0,1,IVB,C,-0.0104631163741355,-0.3155423299649906
GSM2011371,20.16,0,53.0,1,II,B,-0.1908721764332879,-0.3034725284148654
GSM2011372,11.04,1,62.0,1,II,B,-0.1076992167123636,0.4111560174486833
GSM2011373,29.52,0,64.0,2,II,A,0.4680882304749729,0.7439658316836945
GSM2011374,0.36,0,77.0,2,I,A,-0.2235529722215466,-0.2259250413011095
GSM2011375,56.400000000000006,0,87.0,1,I,A,-0.2041865270855513,-0.4305394057405985
GSM2011376,49.44,0,69.0,1,IIIA,B,-0.0746044245336421,-0.1279900163610007
GSM2011377,5.4,1,59.0,1,II,A,0.3800519844830531,0.8079313111367696
GSM2011378,11.28,0,51.0,2,I,A,0.329598393755484,0.6937364329458147
GSM2011379,0.36,0,77.0,2,I,A,-0.1786933842323908,-0.4053902183602079
GSM2011380,21.24,1,76.0,1,IIIA,B,-0.0589098149099718,-0.1188699156870398
GSM2011381,93.12,0,71.0,1,II,A,-0.288329145793461,-0.1730439892175322
GSM2011382,57.84,1,58.0,1,II,A,-0.4252001908381895,-0.2036135377175295
GSM2011383,23.64,0,29.0,1,I,A,-0.0893657620638461,-0.3977154320133063
GSM2011384,0.72,0,69.0,1,I,A,-0.2316880737829764,-0.1342806209614458
GSM2011385,47.52,1,78.0,1,I,A,-0.0650662870547229,-0.0181640327713477
GSM2011386,45.36,0,65.0,1,I,A,-0.23842939257238,-0.3312080382514535
GSM2011387,20.52,1,60.0,1,IIIA,B,-0.1342006110957924,-0.0593155846972334
GSM2011388,7.800000000000001,1,77.0,1,IIIA,B,-0.2153418245075271,-0.456267977243713
GSM2011389,0.48,0,93.0,2,I,A,-0.0266668866440231,-0.2175337047365256
GSM2011390,43.56,0,75.0,1,II,A,0.1521548348725009,0.2129211800827077
GSM2011391,56.52,0,52.0,1,II,B,-0.1559701817494461,-0.0846535806575523
GSM2011392,57.84,0,73.0,1,IIIA,B,0.2606253162797415,0.3427912450262443
GSM2011393,12.24,0,69.0,1,IVA,B,0.294822706887471,0.4826010573557528
GSM2011394,0.48,0,93.0,2,I,A,-0.2066139712601848,-0.4223826460704135
GSM2011395,52.2,0,80.0,1,II,B,-0.1627726071069545,-0.3116586972880439
GSM2011396,42.96,0,76.0,1,I,A,0.1120647569636878,0.1118667788430211
GSM2011397,41.52,0,76.0,1,I,A,0.0541792353327418,0.4521820319474039
GSM2011398,13.919999999999998,0,64.0,1,II,B,0.3767491281816821,-0.1572101576122757
GSM2011399,53.16,0,75.0,1,I,A,-0.1474154369649933,-0.1351683578693809
