gene,coef_ridge,HR_ridge,P_ridge,coef_unpenalised,HR_unpenalised,P_unpenalised
MAFG,0.05618087982377301,1.0577889991212932,0.2325749703534933,0.16370448837259152,1.1778661905029986,0.25332246197261765
KIF15,0.05675561560145352,1.0583971230428728,0.23390487537135138,0.2831861365246562,1.327352207551235,0.1298346841509853
TXNRD1,0.04908611558503618,1.0503107949742223,0.29663519197135785,0.04409578663264962,1.0450824550234477,0.7632699600437653
DAB2,0.03968156645816316,1.0404793978946445,0.39951077712774086,0.056813950929449596,1.0584588667870989,0.6571284446124777
CEP19,0.038246385864858234,1.0389871931028616,0.40940452590329734,-0.026750132944515278,0.973604482819407,0.8245288846400315
MBOAT7,0.044999240809900705,1.0460270657750235,0.33398528750756845,0.23754359362504163,1.268130277981599,0.04625756697265416
ASF1B,0.018664418403167193,1.0188396873934582,0.6971827478247834,-0.3472339963930917,0.7066399577091297,0.08457645920283713
PPP1R10,-0.057308082783814385,0.944303101019529,0.21010356594004875,-0.19255427628676264,0.824849547218052,0.06335441897870173
OSGIN2,0.03474928019929854,1.0353600909796545,0.45689822295439564,0.06309376447364642,1.0651267055941906,0.6086390957022542
MCM5,0.028202952866284714,1.0286044214544263,0.551370605735682,0.12528220350212022,1.1334682766542497,0.4193663011961105
SLC7A1,0.030006291011278143,1.0304610165750028,0.5199762895320419,0.03673232612656493,1.0374152946995068,0.7596030902115039
KLHL18,0.02504751924266687,1.0253638438800903,0.5907332427630794,0.017013057057163116,1.0171586033365627,0.8882819421144221
WDR35,0.03988447401000708,1.0406905404424995,0.38920831929607347,0.11164750381603926,1.118118658611395,0.3318593117120939
SLC1A4,0.024439288518689917,1.0247403757124556,0.5986606275135467,0.001648442410500419,1.0016498018385678,0.9887249396646002
TAF12,0.05035518452372949,1.051644557919655,0.2687951162920777,0.18515210851177968,1.203401473814107,0.06754805729809771
TRAF3,0.024591084525447404,1.0248959390160974,0.5957016338780871,0.07419943165905526,1.077021576279257,0.5363693568206216
FERMT2,-0.03755518358580792,0.9631412666655682,0.4055600122995553,-0.071266432373985,0.9312137535819348,0.4908279028832304
PTPN23,0.010403110994546287,1.0104574114883966,0.8232277051898367,-0.14874360567574274,0.8617900446513307,0.2650108207966477
TIAM1,-0.03727674370695417,0.96340948094222,0.41784916456644616,-0.12817905381627379,0.8796958521426729,0.2647587153596389
CHAF1A,0.016379602567354736,1.0165144836842135,0.7293735941760708,0.1416385594594813,1.1521601358869817,0.4005359623481616
CHD4,0.016491271832701396,1.016628003448037,0.7225993748978576,0.0003513539902580971,1.000351415722301,0.9976043910054964
OPTN,0.03101436901570751,1.0315003254244153,0.5027745108602084,0.1355547269550156,1.145171865888739,0.23025433513869656
LRRC58,0.037248079551255205,1.0379504831913593,0.4143135801222635,0.2195893616934597,1.2455651487936426,0.09171875973236873
