gene,beta,se,HR,HR_lo,HR_hi,z,p,BH_q
MAFG,0.3979133592964897,0.0972078909848202,1.4887150410010348,1.2304616128184682,1.8011715686328225,4.093426523970436,4.250448085853494e-05,0.0022719122977429163
KIF15,0.3684100074923808,0.0908321149551017,1.4454345564951765,1.2097120227322848,1.7270896030209786,4.0559443944962155,4.993213841193223e-05,0.0022719122977429163
TXNRD1,0.3359503315578124,0.0951140676083708,1.3992695235474997,1.161288523338427,1.686019589602241,3.532078271965796,0.0004123072966304,0.012506654664455467
DAB2,0.3104877797088179,0.0951765756699314,1.3640903274629372,1.1319537467943463,1.6438325565399656,3.2622289415578165,0.0011053983028286,0.025147811389350648
CEP19,0.2876379535540659,0.0908970902568021,1.3332745094340124,1.1157010261479747,1.593277119806773,3.164435217248785,0.0015538424957747,0.02827993342309954
MBOAT7,0.2506697392335897,0.0854943700704898,1.2848856669257358,1.086654655050049,1.519278612941804,2.9320028795687163,0.0033678362422524,0.0510788496741614
ASF1B,0.2564749420574981,0.0909898378450175,1.2923663813514623,1.0812720119419534,1.5446722426929296,2.8187207289494274,0.004821544762761,0.05717805653712425
PPP1R10,-0.2305822736607658,0.0821945999587412,0.7940711011782401,0.6759198809258685,0.9328752290326228,-2.8053214417554173,0.005026642332934,0.05717805653712425
OSGIN2,0.2523068459885182,0.0941524133660766,1.2869908846932985,1.0701207651523863,1.5478117902401172,2.6797703528587924,0.00736726840302,0.07449126940831334
MCM5,0.2383303659988121,0.0903874000615778,1.26912840044676,1.0630842119229071,1.5151075321748408,2.636765365929828,0.0083700704292308,0.07616764090600028
SLC7A1,0.2453239035473588,0.0960971705043735,1.2780352063075184,1.0586313666777138,1.5429110075280434,2.5528733287333747,0.0106838343833655,0.0833895331252319
KLHL18,0.2193996756651555,0.0864271232204603,1.2453289048943657,1.0512770117538854,1.47520022223074,2.538551180345384,0.0111312520356261,0.0833895331252319
WDR35,0.2326178310850949,0.092502581526293,1.2618991285427192,1.0526555880938355,1.5127354365737005,2.5147171813683427,0.0119127904464617,0.0833895331252319
SLC1A4,0.2167358057945235,0.0881319314143419,1.2420159253778793,1.0449827669610767,1.476199998377321,2.459219970745513,0.0139239274889551,0.09050552867820814
TAF12,0.2209049889050779,0.0914208875216825,1.2472049266288885,1.0426059934825902,1.4919539487889446,2.41635139292085,0.0156769240573831,0.09510667261479082
TRAF3,0.2068575474289705,0.0908483435497335,1.2298073700803438,1.0292167396531051,1.4694923908968782,2.2769545304447902,0.0227889410187802,0.1285571599395431
FERMT2,-0.169832935237827,0.0752515224533614,0.843805775032588,0.7280953900882143,0.9779050872607246,-2.2568704220314526,0.0240161727359586,0.1285571599395431
PTPN23,0.1890926012345299,0.0896672240996028,1.208152823746093,1.0134375546102228,1.4402794122693097,2.1088263089809143,0.0349595768197702,0.17169561377808015
TIAM1,-0.1814043535904206,0.087394416622658,0.834098019969186,0.7027920303272568,0.9899365344148155,-2.075697288233735,0.0379219569147385,0.17169561377808015
CHAF1A,0.1778502057023733,0.0858853727189587,1.194646356619294,1.0095634082861988,1.4136605047982935,2.07078574700199,0.0383788227795882,0.17169561377808015
CHD4,0.188767325204751,0.0917384988596096,1.2077599044992895,1.009003460949265,1.4456679717865497,2.0576674738664265,0.0396220647180185,0.17169561377808015
OPTN,0.1869955273284461,0.0946948036135138,1.2056218926871214,1.0013980991534952,1.4514948144550843,1.9747179379731048,0.0483001661195564,0.1962650423513333
LRRC58,0.1794787557568826,0.0914145217911408,1.1965934830745897,1.0003096333087946,1.4313927568610867,1.9633505950722616,0.0496054502646227,0.1962650423513333
AKNA,-0.1617434170923151,0.0870438429575402,0.8506594412140118,0.7172389614321536,1.0088987406395726,-1.8581833199990176,0.063142985872862,0.2394171547679351
CALCRL,-0.150186897288902,0.0851659510919316,0.8605471274693126,0.7282513028436235,1.0168761191419398,-1.7634617515958246,0.0778226427563051,0.2832744196329505
HSPA4L,0.160240738360007,0.0926685032426686,1.1737934140824589,0.9788408725234776,1.407574017001735,1.7291823300565097,0.0837764677886588,0.2932176372603058
SRFBP1,0.1486731887215883,0.088635410180358,1.1602937301621068,0.9752621005952814,1.380430490871891,1.677356582646412,0.0934727741187314,0.307459203248795
MAFF,0.1450286633990171,0.0867602839165869,1.1560727067664038,0.9752919973434734,1.3703630368859845,1.6716019917414118,0.09460283176886,0.307459203248795
PDGFA,0.1512088118194096,0.0925214188171747,1.1632395308864352,0.970319542126198,1.3945160820443507,1.6343114248842536,0.1021934759590797,0.3118282677680716
ZZEF1,-0.1423464226343281,0.0872527774393527,0.867320744899656,0.7309876427437555,1.029080699243763,-1.6314256899531907,0.102800527835628,0.3118282677680716
POLM,-0.1421367564036614,0.0886103506603519,0.8675026118360295,0.7291980922856531,1.0320388787406862,-1.6040649353536478,0.1086997399945559,0.319086333532406
ZMYM3,0.1371128533133301,0.0909572119260168,1.146957579179981,0.9596755636261688,1.3707879394862303,1.5074434496173386,0.1316970287216181,0.3745134254271015
PKDCC,0.1389230994233639,0.0950605042826431,1.149035735095388,0.9537134063261182,1.3843604501819635,1.4614176568041777,0.1439008580127864,0.3855974406595174
BICRA,-0.1355772676716961,0.0928100645457376,0.8732116892876182,0.7279800379322148,1.0474169820293,-1.460803505905143,0.1440693734332263,0.3855974406595174
SPTBN1,-0.1286517254439897,0.0893162246420946,0.879280143127014,0.7380761252341279,1.0474984133272345,-1.4404071148273347,0.1497522519287321,0.38935585501470343
SEMA7A,-0.1180832820958104,0.0836288032417067,0.8886220432266884,0.7542791722563525,1.0468924037054026,-1.4119929679553374,0.1579520317424406,0.39926763579339153
ANKRD28,-0.1056258968436285,0.0813183554430243,0.8997611886222029,0.7672006219070918,1.055226199554461,-1.2989182610515937,0.1939719820692628,0.4705746778014492
ATP8B2,0.1224228315364564,0.0957217454380541,1.1302318984496236,0.9368909907806436,1.3634714783719448,1.278944830938982,0.2009164840938382,0.4705746778014492
RALGPS1,-0.1141348336315557,0.0893917128613742,0.8921376576122407,0.7487580552427966,1.0629730051742408,-1.2767943467931129,0.2016748619149068,0.4705746778014492
CCN1,-0.1096405203376643,0.0870591420341843,0.896156227338294,0.7555772115271094,1.0628906901176305,-1.2593797477881563,0.2078932009096935,0.4721744212512546
NEDD4L,0.1045373961448958,0.0846862900579492,1.1101969101744529,0.9404049652905256,1.3106451208284786,1.2344075537299244,0.2170510756896389,0.4721744212512546
SHTN1,0.1116272777074997,0.09060214099158,1.1180960436507528,0.9361779944637784,1.3353643967496986,1.2320600427960482,0.2179266559621175,0.4721744212512546
DUSP23,0.1036564775315523,0.0867562374258365,1.1092193476915144,0.935772747367372,1.3148144832755668,1.1948014414544317,0.2321646170299601,0.4913251197610784
AZIN2,0.1179144131154819,0.1005913658674807,1.1251478093506817,0.9238172196494442,1.3703550507177429,1.172212069083768,0.2411119240272786,0.4986632974200535
PPM1M,0.0926932635815929,0.0848289816507565,1.0971251554093562,0.9290725158035552,1.2955755187644715,1.092707489560748,0.2745222503424746,0.5551449951370042
LOXL3,0.0985783180893339,0.0920246329614942,1.1036008329185103,0.9214685346909384,1.3217323788781636,1.0712166396858327,0.2840720314502957,0.5619685839560197
CCN2,-0.0892471591299927,0.0871496817680299,0.9146194890789842,0.7710073312883139,1.0849816543317494,-1.0240675274930526,0.3058033808129958,0.5807817624037124
ALDH18A1,0.0910892513553274,0.089048403516335,1.095366763864112,0.9199440625004608,1.3042405471012393,1.0229184101949458,0.3063464241250351,0.5807817624037124
CHD2,-0.0822209194122672,0.0817470169181455,0.9210684543165568,0.7847091586271501,1.0811229717533954,-1.0057971839461275,0.3145131422110062,0.5840958355347258
ZBTB2,0.0850253962581807,0.0892871336089915,1.0887447163892083,0.913954792511616,1.2969624615764048,0.9522693004182003,0.340960422983562,0.6128307089498554
KIF24,0.0855903610289179,0.090346035647221,1.0893599925866166,0.912575356028996,1.300391453273703,0.9473615573252948,0.3434545731477211,0.6128307089498554
ANKS1A,0.0823278576185095,0.088835442448874,1.0858117431308911,0.9122999867705044,1.2923239708623682,0.92674562482075,0.3540586228026705,0.6196025899046733
AMPD3,0.0820500603631599,0.0902054669224182,1.0855101495017037,0.9096008464126756,1.295438861252571,0.90959077273806,0.3630383666382382,0.6233300257373523
LIG1,0.0778468455850597,0.0879729640007956,1.0809570926407237,0.9097576847090192,1.2843730322585998,0.8848951091878154,0.3762132060950679,0.6303278229450447
TUBA1A,0.0790669485915698,0.0902471971187483,1.0822767765508037,0.9068172773178972,1.2916858228877517,0.876115282422928,0.3809673655162359,0.6303278229450447
PBX2,-0.0766584049676465,0.0893363364690595,0.9262061870068768,0.7774356474107804,1.103445543958372,-0.8580876270228086,0.3908440789767455,0.6351216283372114
ARHGAP23,-0.0729645350134691,0.0891803944987241,0.9296337988913254,0.7805512357844568,1.1071906114818637,-0.8181678879488817,0.4132613286200612,0.6425276348568033
ZBTB8A,0.0776247868989892,0.095014152839774,1.0807170833780904,0.8970896024275559,1.30193172582174,0.8169813083519342,0.413939109923943,0.6425276348568033
BMP1,-0.0710598869139454,0.0874731618886061,0.9314061114196988,0.7846605039193147,1.1055957832168009,-0.8123621620587754,0.4165838511708944,0.6425276348568033
KLF7,0.0615551729768578,0.0842275227508336,1.063489170773576,0.901651012289382,1.2543758071994209,0.7308201757156466,0.4648889983506691,0.7050816474985149
PYCARD,0.0554382088623461,0.0875394321551343,1.057003701593259,0.8903541933322339,1.254845356543347,0.6332941338264617,0.526541583355236,0.7746552979166176
PALLD,0.0615561977713503,0.0974935180977695,1.0634902606319796,0.8785103531207834,1.2874196990864342,0.6313875934769312,0.5277871260530801,0.7746552979166176
BRWD3,0.0472004280264564,0.0767053620593679,1.0483321031590886,0.9020012987803654,1.2184020133895188,0.6153471772928287,0.5383254677111834,0.7775812311383761
AFG3L2,-0.0519879794992623,0.0868163004977395,0.9493402783198196,0.800799398787844,1.1254341167145656,-0.5988273999375953,0.5492879886742186,0.7810188588961545
INSIG2,-0.0437918508668916,0.0849435257031802,0.9571531673416808,0.8103588522412752,1.1305388757318595,-0.5155407725824134,0.6061751857275419,0.8486452600185587
SAMD8,0.0409813169301233,0.0834759334367084,1.0418326407316223,0.8845922220703548,1.227023281703124,0.4909357133597724,0.6234719167783711,0.8573143949391522
PPP1R13B,0.043438627120589,0.0917429732693838,1.0443958947617529,0.8725159918356838,1.2501350063514014,0.4734817890961596,0.6358694903684524,0.8573143949391522
GALNT2,-0.0373630087890447,0.0818726965017986,0.9633263759288416,0.8205088804854977,1.1310026358411829,-0.456354931319795,0.6481347689114443,0.8573143949391522
MCAT,0.034671536928951,0.0786210862587322,1.0352796018289798,0.8874323724754647,1.207758345544019,0.4409953942235204,0.6592163313519408,0.8573143949391522
MXRA8,0.0369171423662157,0.0849664478436622,1.03760704361184,0.8784344101714715,1.2256218159108123,0.4344908290639983,0.6639320530516095,0.8573143949391522
ZNRF3,0.0359807021669753,0.0841325382822716,1.0366358414725214,0.8790477648416366,1.2224749448274157,0.4276669039302855,0.6688936487986792,0.8573143949391522
EPS8,0.0344205035618747,0.0843379308815079,1.0350197447224343,0.8773240965609073,1.221060582018246,0.4081260140260548,0.6831811623663673,0.8587934981064672
ANKMY2,0.0364004010536927,0.0909286972974336,1.0370710076941203,0.867780418146853,1.2393875829745795,0.4003180748826154,0.6889222567227704,0.8587934981064672
CDK2AP2,-0.0337874183672624,0.0890553409948512,0.9667770018278103,0.8119368771451858,1.1511458557584888,-0.3793980011734038,0.7043923346410064,0.8662121953017782
WDR19,0.0276348379048189,0.0842636522339114,1.0280202218551473,0.8715178906342129,1.2126263704971598,0.3279568019210235,0.7429443248663172,0.9014391141711317
EME2,-0.0255508159946571,0.0837002172543054,0.9747728436555436,0.8272897957101735,1.1485480682287958,-0.3052658264556992,0.7601637010384574,0.9101960104539425
PIM3,-0.0233027405488267,0.0907618330715328,0.9769666715720252,0.8177548640109086,1.167176032045942,-0.2567460325582122,0.7973748334866313,0.9346018114077073
RNF217,-0.0168843884450353,0.0737030021884174,0.983257353975662,0.8510030058410901,1.1360653458464427,-0.2290868478039923,0.818801415598238,0.9346018114077073
VAV3,-0.0216677631404442,0.0960878761520026,0.9785652965105036,0.8105870507997326,1.181353734419916,-0.2254994491309987,0.8215907538651597,0.9346018114077073
DUSP8,-0.0184815818522411,0.0819758256215928,0.981688155302782,0.835979449887791,1.1527934501154695,-0.2254516098142599,0.8216279660727097,0.9346018114077073
RUSC2,0.0168730003828876,0.0872327039930779,1.0170161534611295,0.857186334339478,1.2066476272021869,0.1934251675177526,0.8466260067648448,0.9414699407686231
COL6A3,0.0176063261237147,0.0920763037471748,1.0177622311108376,0.8497102133893798,1.2190508514001304,0.1912145189066083,0.8483575290442538,0.9414699407686231
JADE2,-0.0152577467422825,0.0875751806985138,0.9848580629291946,0.829525069943151,1.169277987201903,-0.1742245533561479,0.8616889898379607,0.9447433503042703
RHBDD1,-0.0117516810552258,0.0860772048603703,0.9883171002529376,0.8348861568973133,1.1699447674187666,-0.1365248915120885,0.8914063481948807,0.9656902105444541
MMP2,0.0113476391319278,0.0936180053103582,1.0114122678185204,0.8418610689669979,1.215111154562611,0.1212121439065987,0.9035230055949984,0.9673011001075866
SLIT2,0.0085464267229445,0.0824173212759336,1.0085830516909933,0.8581395434367366,1.185401348694881,0.1036969728041881,0.9174098290570912,0.9687403972319958
ADAMTS2,-0.0065266462702438,0.0883607728935214,0.9934946060249842,0.8355119913149113,1.181349331261385,-0.0738636168122788,0.941118906313029,0.9687403972319958
TLR8,-0.0052745655471118,0.0858919101509518,0.994739320548642,0.8406165939480541,1.177119655939983,-0.0614093403888909,0.9510332138461124,0.9687403972319958
PPFIA1,0.0042816347195348,0.08067385714074,1.0042908140135896,0.8574124367183655,1.1763300786402906,0.0530733854966829,0.9576734368542232,0.9687403972319958
TCEANC,0.0046010612520769,0.0875651655326903,1.0046116623869874,0.8461797178477986,1.1927071411861447,0.0525444247616856,0.9580948983613145,0.9687403972319958
SH3TC1,-0.0012166166701691,0.0851605341876778,0.9987841231078528,0.8452454701584237,1.180213038450651,-0.0142861559262645,0.9886016844763084,0.9886016844763084
