划分,outer_seed,pooled_oof_C_MRG2,pooled_oof_C_ModelA,折C均值_MRG2,折C均值_ModelA,折C_SD_MRG2,折C_SD_ModelA,MRG2折内基因集
预设 seed=42,42,0.5956,0.6104,0.5758,0.5877,0.1003,0.1029,KIF15+MAFG+PDGFA+JADE2+AKNA+TRAF3;AKNA+MAFG;KIF15;KIF15+MAFG;KIF15+AKNA;KIF15+PPP1R10;KIF15+PPP1R10+MAFG;KIF15;KIF15;KIF15+MAFG
额外划分 1,43,0.6323,0.6142,0.6381,0.6077,0.0772,0.0599,KIF15+MAFG;KIF15;KIF15;KIF15;KIF15+MAFG;KIF15+AKNA;KIF15+AKNA;MAFG+KIF15;KIF15+AKNA;KIF15+AKNA+PPP1R10
额外划分 2,44,0.6037,0.6261,0.592,0.6323,0.1046,0.0886,MAFG+KIF15;AKNA+KIF15+PPP1R10;KIF15+MAFG;KIF15+AKNA;MAFG+KIF15;MAFG+KIF15;TAF12;KIF15;KIF15;KIF15
额外划分 3,45,0.6351,0.6474,0.6357,0.6645,0.0439,0.0668,KIF15;KIF15+MAFG;MAFG+KIF15;KIF15;KIF15;KIF15+MAFG;PPP1R10+KIF15+MAFG;KIF15;KIF15;KIF15+MAFG+MBOAT7
额外划分 4,46,0.6056,0.6188,0.621,0.6097,0.0968,0.0782,KIF15+AKNA;KIF15;KIF15+MAFG+AKNA;KIF15+MAFG;KIF15;KIF15+AKNA;KIF15;空;KIF15+MAFG;KIF15+PDGFA+MAFG+MCAT+JADE2
额外划分 5,47,0.5985,0.6167,0.5789,0.5871,0.0668,0.0862,KIF15+AKNA+MAFG+PPP1R10;KIF15;KIF15;KIF15;MAFG+KIF15;KIF15+PPP1R10;KIF15+MAFG;KIF15+MAFG;AKNA+MAFG+PPP1R10+AZIN2;空
额外划分 6,48,0.6068,0.6197,0.6246,0.6296,0.0789,0.0538,KIF15;KIF15;KIF15+MAFG;KIF15+AKNA;KIF15+MAFG+PPP1R10;KIF15+AKNA+TAF12;KIF15;KIF15+MAFG;KIF15+MAFG+AKNA;KIF15
额外划分 7,49,0.628,0.6199,0.6439,0.6336,0.0811,0.08,KIF15+MAFG+AKNA;KIF15+MAFG+AKNA;KIF15;KIF15;KIF15;KIF15+MAFG;KIF15+MAFG+PDGFA+MBOAT7;AKNA+KIF15+MAFG+POLM+PDGFA;KIF15+MAFG+AKNA;KIF15+PPP1R10+AKNA
额外划分 8,50,0.6175,0.6238,0.6179,0.6238,0.0716,0.057,KIF15;KIF15+PPP1R10+MAFG;KIF15+MAFG+AKNA;KIF15+PPP1R10+MAFG;MAFG+AKNA+KIF15;PPP1R10;KIF15+MAFG;KIF15;KIF15;KIF15+MAFG+AKNA
额外划分 9,51,0.6104,0.6205,0.6021,0.6119,0.0886,0.0651,KIF15+AKNA;KIF15+PPP1R10;KIF15;KIF15+MAFG;KIF15+MAFG;PPP1R10+AKNA+TAF12+KIF15+TRAF3;KIF15+MAFG;AKNA+KIF15+MAFG;KIF15+MBOAT7+MAFG+PPP1R10;KIF15+AKNA+MAFG
★ 汇总（10 个随机划分）,,"均值 0.6133 (SD 0.0134, 0.5956–0.6351)","均值 0.6218 (SD 0.0096, 0.6104–0.6474)",均值 0.613 (SD 0.0233),均值 0.6188 (SD 0.022),,,
